-1.0 -1.0 -1.0 -1.0 -1.0 -1.0 -1.0 0.0 0.0 0.0 1773825163264.0
-1.0 -1.0 -1.0 -1.0 -1.0 -1.0 -1.0 0.0 0.0 0.0 1773825163264.0
-1.0 -1.0 -1.0 -1.0 -1.0 -1.0 -1.0 0.0 0.0 0.0 1773825163264.0
-1.0 -1.0 -1.0 -1.0 -1.0 -1.0 -1.0 0.0 0.0 0.0 1773825163264.0
-1.0 -1.0 -1.0 -1.0 -1.0 -1.0 -1.0 0.0 0.0 0.0 1773825163264.0
-1.0 -1.0 -1.0 -1.0 -1.0 -1.0 -1.0 0.0 0.0 0.0 1773825163264.0
-1.0 -1.0 -1.0 -1.0 -1.0 -1.0 -1.0 0.0 0.0 0.0 1773825163264.0
-1.0 -1.0 -1.0 -1.0 -1.0 -1.0 -1.0 0.0 0.0 0.0 1773825163264.0
-1.0 -1.0 -1.0 -1.0 -1.0 -1.0 -1.0 0.0 0.0 0.0 1773825163264.0
-1.0 -1.0 -1.0 -1.0 -1.0 -1.0 -1.0 0.0 0.0 0.0 1773825163264.0
-1.0 -1.0 -1.0 -1.0 -1.0 -1.0 -1.0 0.0 0.0 0.0 1773825163264.0
-1.0 -1.0 -1.0 -1.0 -1.0 -1.0 -1.0 0.0 0.0 0.0 1773825163264.0
-1.0 -1.0 -1.0 -1.0 -1.0 -1.0 -1.0 0.0 0.0 0.0 1773825163264.0
-1.0 -1.0 -1.0 -1.0 -1.0 -1.0 -1.0 0.0 0.0 0.0 1773825163264.0
-1.0 -1.0 -1.0 -1.0 -1.0 -1.0 -1.0 0.0 0.0 0.0 1773825163264.0
-1.0 -1.0 -1.0 -1.0 -1.0 -1.0 -1.0 0.0 0.0 0.0 1773825163264.0
-1.0 -1.0 -1.0 -1.0 -1.0 -1.0 -1.0 0.0 0.0 0.0 1773825163264.0
-1.0 -1.0 -1.0 -1.0 -1.0 -1.0 -1.0 0.0 0.0 0.0 1773825163264.0
-1.0 -1.0 -1.0 -1.0 -1.0 -1.0 -1.0 0.0 0.0 0.0 1773825163264.0
-1.0 -1.0 -1.0 -1.0 -1.0 -1.0 -1.0 0.0 0.0 0.0 1773825163264.0
-1.0 -1.0 -1.0 -1.0 -1.0 -1.0 -1.0 0.0 0.0 0.0 1773825163264.0
-1.0 -1.0 -1.0 -1.0 -1.0 -1.0 -1.0 0.0 0.0 0.0 1773825163264.0
-1.0 -1.0 -1.0 -1.0 -1.0 -1.0 -1.0 0.0 0.0 0.0 1773825163264.0
-1.0 -1.0 -1.0 -1.0 -1.0 -1.0 -1.0 0.0 0.0 0.0 1773825163264.0
-1.0 -1.0 -1.0 -1.0 -1.0 -1.0 -1.0 0.0 0.0 0.0 1773825163264.0
-1.0 -1.0 -1.0 -1.0 -1.0 -1.0 -1.0 0.0 0.0 0.0 1773825163264.0
-1.0 -1.0 -1.0 -1.0 -1.0 -1.0 -1.0 0.0 0.0 0.0 1773825163264.0
-1.0 -1.0 -1.0 -1.0 -1.0 -1.0 -1.0 0.0 0.0 0.0 1773825163264.0
-1.0 -1.0 -1.0 -1.0 -1.0 -1.0 -1.0 0.0 0.0 0.0 1773825163264.0
-1.0 -1.0 -1.0 -1.0 -1.0 -1.0 -1.0 0.0 0.0 0.0 1773825163264.0
-1.0 -1.0 -1.0 -1.0 -1.0 -1.0 -1.0 0.0 0.0 0.0 1773825163264.0
-1.0 -1.0 -1.0 -1.0 -1.0 -1.0 -1.0 0.0 0.0 0.0 1773825163264.0
-1.0 -1.0 -1.0 -1.0 -1.0 -1.0 -1.0 0.0 0.0 0.0 1773825163264.0
-1.0 -1.0 -1.0 -1.0 -1.0 -1.0 -1.0 0.0 0.0 0.0 1773825163264.0
-1.0 -1.0 -1.0 -1.0 -1.0 -1.0 -1.0 0.0 0.0 0.0 1773825163264.0
-1.0 -1.0 -1.0 -1.0 -1.0 -1.0 -1.0 0.0 0.0 0.0 1773825163264.0
-1.0 -1.0 -1.0 -1.0 -1.0 -1.0 -1.0 0.0 0.0 0.0 1773825163264.0
-1.0 -1.0 -1.0 -1.0 -1.0 -1.0 -1.0 0.0 0.0 0.0 1773825163264.0
-1.0 -1.0 -1.0 -1.0 -1.0 -1.0 -1.0 0.0 0.0 0.0 1773825163264.0
-1.0 -1.0 -1.0 -1.0 -1.0 -1.0 -1.0 0.0 0.0 0.0 1773825163264.0
-1.0 -1.0 -1.0 -1.0 -1.0 -1.0 -1.0 0.0 0.0 0.0 1773825163264.0
-1.0 -1.0 -1.0 -1.0 -1.0 -1.0 -1.0 0.0 0.0 0.0 1773825163264.0
-1.0 -1.0 -1.0 -1.0 -1.0 -1.0 -1.0 0.0 0.0 0.0 1773825163264.0
-1.0 -1.0 -1.0 -1.0 -1.0 -1.0 -1.0 0.0 0.0 0.0 1773825163264.0
-1.0 -1.0 -1.0 -1.0 -1.0 -1.0 -1.0 0.0 0.0 0.0 1773825163264.0
-1.0 -1.0 -1.0 -1.0 -1.0 -1.0 -1.0 0.0 0.0 0.0 1773825163264.0
-1.0 -1.0 -1.0 -1.0 -1.0 -1.0 -1.0 0.0 0.0 0.0 1773825163264.0
-1.0 -1.0 -1.0 -1.0 -1.0 -1.0 -1.0 0.0 0.0 0.0 1773825163264.0
-1.0 -1.0 -1.0 -1.0 -1.0 -1.0 -1.0 0.0 0.0 0.0 1773825163264.0
-1.0 -1.0 -1.0 -1.0 -1.0 -1.0 -1.0 0.0 0.0 0.0 1773825163264.0
-1.0 -1.0 -1.0 -1.0 -1.0 -1.0 -1.0 0.0 0.0 0.0 1773825163264.0
-1.0 -1.0 -1.0 -1.0 -1.0 -1.0 -1.0 0.0 0.0 0.0 1773825163264.0
-1.0 -1.0 -1.0 -1.0 -1.0 -1.0 -1.0 0.0 0.0 0.0 1773825163264.0
-1.0 -1.0 -1.0 -1.0 -1.0 -1.0 -1.0 0.0 0.0 0.0 1773825163264.0
-1.0 -1.0 -1.0 -1.0 -1.0 -1.0 -1.0 0.0 0.0 0.0 1773825163264.0
-1.0 -1.0 -1.0 -1.0 -1.0 -1.0 -1.0 0.0 0.0 0.0 1773825163264.0
-1.0 -1.0 -1.0 -1.0 -1.0 -1.0 -1.0 0.0 0.0 0.0 1773825163264.0
-1.0 -1.0 -1.0 -1.0 -1.0 -1.0 -1.0 0.0 0.0 0.0 1773825163264.0
-1.0 -1.0 -1.0 -1.0 -1.0 -1.0 -1.0 0.0 0.0 0.0 1773825163264.0
-1.0 -1.0 -1.0 -1.0 -1.0 -1.0 -1.0 0.0 0.0 0.0 1773825163264.0
-1.0 -1.0 -1.0 -1.0 -1.0 -1.0 -1.0 0.0 0.0 0.0 1773825163264.0
-1.0 -1.0 -1.0 -1.0 -1.0 -1.0 -1.0 0.0 0.0 0.0 1773825163264.0
-1.0 -1.0 -1.0 -1.0 -1.0 -1.0 -1.0 0.0 0.0 0.0 1773825163264.0
-1.0 -1.0 -1.0 -1.0 -1.0 -1.0 -1.0 0.0 0.0 0.0 1773825163264.0
-1.0 -1.0 -1.0 -1.0 -1.0 -1.0 -1.0 0.0 0.0 0.0 1773825163264.0
-1.0 -1.0 -1.0 -1.0 -1.0 -1.0 -1.0 0.0 0.0 0.0 1773825163264.0
-1.0 -1.0 -1.0 -1.0 -1.0 -1.0 -1.0 0.0 0.0 0.0 1773825163264.0
-1.0 -1.0 -1.0 -1.0 -1.0 -1.0 -1.0 0.0 0.0 0.0 1773825163264.0
-1.0 -1.0 -1.0 -1.0 -1.0 -1.0 -1.0 0.0 0.0 0.0 1773825163264.0
-1.0 -1.0 -1.0 -1.0 -1.0 -1.0 -1.0 0.0 0.0 0.0 1773825163264.0
-1.0 -1.0 -1.0 -1.0 -1.0 -1.0 -1.0 0.0 0.0 0.0 1773825163264.0
-1.0 -1.0 -1.0 -1.0 -1.0 -1.0 -1.0 0.0 0.0 0.0 1773825163264.0
-1.0 -1.0 -1.0 -1.0 -1.0 -1.0 -1.0 0.0 0.0 0.0 1773825163264.0
-1.0 -1.0 -1.0 -1.0 -1.0 -1.0 -1.0 0.0 0.0 0.0 1773825163264.0
-1.0 -1.0 -1.0 -1.0 -1.0 -1.0 -1.0 0.0 0.0 0.0 1773825163264.0
-1.0 -1.0 -1.0 -1.0 -1.0 -1.0 -1.0 0.0 0.0 0.0 1773825163264.0
-1.0 -1.0 -1.0 -1.0 -1.0 -1.0 -1.0 0.0 0.0 0.0 1773825163264.0
-1.0 -1.0 -1.0 -1.0 -1.0 -1.0 -1.0 0.0 0.0 0.0 1773825163264.0
-1.0 -1.0 -1.0 -1.0 -1.0 -1.0 -1.0 0.0 0.0 0.0 1773825163264.0
-1.0 -1.0 -1.0 -1.0 -1.0 -1.0 -1.0 0.0 0.0 0.0 1773825163264.0
-1.0 -1.0 -1.0 -1.0 -1.0 -1.0 -1.0 0.0 0.0 0.0 1773825163264.0
-1.0 -1.0 -1.0 -1.0 -1.0 -1.0 -1.0 0.0 0.0 0.0 1773825163264.0
-1.0 -1.0 -1.0 -1.0 -1.0 -1.0 -1.0 0.0 0.0 0.0 1773825163264.0
-1.0 -1.0 -1.0 -1.0 -1.0 -1.0 -1.0 0.0 0.0 0.0 1773825163264.0
-1.0 -1.0 -1.0 -1.0 -1.0 -1.0 -1.0 0.0 0.0 0.0 1773825163264.0
-1.0 -1.0 -1.0 -1.0 -1.0 -1.0 -1.0 0.0 0.0 0.0 1773825163264.0
-1.0 -1.0 -1.0 -1.0 -1.0 -1.0 -1.0 0.0 0.0 0.0 1773825163264.0
-1.0 -1.0 -1.0 -1.0 -1.0 -1.0 -1.0 0.0 0.0 0.0 1773825163264.0
-1.0 -1.0 -1.0 -1.0 -1.0 -1.0 -1.0 0.0 0.0 0.0 1773825163264.0
-1.0 -1.0 -1.0 -1.0 -1.0 -1.0 -1.0 0.0 0.0 0.0 1773825163264.0
-1.0 -1.0 -1.0 -1.0 -1.0 -1.0 -1.0 0.0 0.0 0.0 1773825163264.0
-1.0 -1.0 -1.0 -1.0 -1.0 -1.0 -1.0 0.0 0.0 0.0 1773825163264.0
-1.0 -1.0 -1.0 -1.0 -1.0 -1.0 -1.0 0.0 0.0 0.0 1773825163264.0
-1.0 -1.0 -1.0 -1.0 -1.0 -1.0 -1.0 0.0 0.0 0.0 1773825163264.0
-1.0 -1.0 -1.0 -1.0 -1.0 -1.0 -1.0 0.0 0.0 0.0 1773825163264.0
-1.0 -1.0 -1.0 -1.0 -1.0 -1.0 -1.0 0.0 0.0 0.0 1773825163264.0
-1.0 -1.0 -1.0 -1.0 -1.0 -1.0 -1.0 0.0 0.0 0.0 1773825163264.0
-1.0 -1.0 -1.0 -1.0 -1.0 -1.0 -1.0 0.0 0.0 0.0 1773825163264.0
-1.0 -1.0 -1.0 -1.0 -1.0 -1.0 -1.0 0.0 0.0 0.0 1773825163264.0
-1.0 -1.0 -1.0 -1.0 -1.0 -1.0 -1.0 0.0 0.0 0.0 1773825163264.0
-1.0 -1.0 -1.0 -1.0 -1.0 -1.0 -1.0 0.0 0.0 0.0 1773825163264.0
-1.0 -1.0 -1.0 -1.0 -1.0 -1.0 -1.0 0.0 0.0 0.0 1773825163264.0
-1.0 -1.0 -1.0 -1.0 -1.0 -1.0 -1.0 0.0 0.0 0.0 1773825163264.0
-1.0 -1.0 -1.0 -1.0 -1.0 -1.0 -1.0 0.0 0.0 0.0 1773825163264.0
-1.0 -1.0 -1.0 -1.0 -1.0 -1.0 -1.0 0.0 0.0 0.0 1773825163264.0
-1.0 -1.0 -1.0 -1.0 -1.0 -1.0 -1.0 0.0 0.0 0.0 1773825163264.0
-1.0 -1.0 -1.0 -1.0 -1.0 -1.0 -1.0 0.0 0.0 0.0 1773825163264.0
-1.0 -1.0 -1.0 -1.0 -1.0 -1.0 -1.0 0.0 0.0 0.0 1773825163264.0
-1.0 -1.0 -1.0 -1.0 -1.0 -1.0 -1.0 0.0 0.0 0.0 1773825163264.0
-1.0 -1.0 -1.0 -1.0 -1.0 -1.0 -1.0 0.0 0.0 0.0 1773825163264.0
-1.0 -1.0 -1.0 -1.0 -1.0 -1.0 -1.0 0.0 0.0 0.0 1773825163264.0
-1.0 -1.0 -1.0 -1.0 -1.0 -1.0 -1.0 0.0 0.0 0.0 1773825163264.0
-1.0 -1.0 -1.0 -1.0 -1.0 -1.0 -1.0 0.0 0.0 0.0 1773825163264.0
-1.0 -1.0 -1.0 -1.0 -1.0 -1.0 -1.0 0.0 0.0 0.0 1773825163264.0
-1.0 -1.0 -1.0 -1.0 -1.0 -1.0 -1.0 0.0 0.0 0.0 1773825163264.0
-1.0 -1.0 -1.0 -1.0 -1.0 -1.0 -1.0 0.0 0.0 0.0 1773825163264.0
-1.0 -1.0 -1.0 -1.0 -1.0 -1.0 -1.0 0.0 0.0 0.0 1773825163264.0
-1.0 -1.0 -1.0 -1.0 -1.0 -1.0 -1.0 0.0 0.0 0.0 1773825163264.0
-1.0 -1.0 -1.0 -1.0 -1.0 -1.0 -1.0 0.0 0.0 0.0 1773825163264.0
-1.0 -1.0 -1.0 -1.0 -1.0 -1.0 -1.0 0.0 0.0 0.0 1773825163264.0
-1.0 -1.0 -1.0 -1.0 -1.0 -1.0 -1.0 0.0 0.0 0.0 1773825163264.0
-1.0 -1.0 -1.0 -1.0 -1.0 -1.0 -1.0 0.0 0.0 0.0 1773825163264.0
-1.0 -1.0 -1.0 -1.0 -1.0 -1.0 -1.0 0.0 0.0 0.0 1773825163264.0
-1.0 -1.0 -1.0 -1.0 -1.0 -1.0 -1.0 0.0 0.0 0.0 1773825163264.0
-1.0 -1.0 -1.0 -1.0 -1.0 -1.0 -1.0 0.0 0.0 0.0 1773825163264.0
-1.0 -1.0 -1.0 -1.0 -1.0 -1.0 -1.0 0.0 0.0 0.0 1773825163264.0
-1.0 -1.0 -1.0 -1.0 -1.0 -1.0 -1.0 0.0 0.0 0.0 1773825163264.0
-1.0 -1.0 -1.0 -1.0 -1.0 -1.0 -1.0 0.0 0.0 0.0 1773825163264.0
-1.0 -1.0 -1.0 -1.0 -1.0 -1.0 -1.0 0.0 0.0 0.0 1773825163264.0
-1.0 -1.0 -1.0 -1.0 -1.0 -1.0 -1.0 0.0 0.0 0.0 1773825163264.0
-1.0 -1.0 -1.0 -1.0 -1.0 -1.0 -1.0 0.0 0.0 0.0 1773825163264.0
-1.0 -1.0 -1.0 -1.0 -1.0 -1.0 -1.0 0.0 0.0 0.0 1773825163264.0
-1.0 -1.0 -1.0 -1.0 -1.0 -1.0 -1.0 0.0 0.0 0.0 1773825163264.0
-1.0 -1.0 -1.0 -1.0 -1.0 -1.0 -1.0 0.0 0.0 0.0 1773825163264.0
-1.0 -1.0 -1.0 -1.0 -1.0 -1.0 -1.0 0.0 0.0 0.0 1773825163264.0
-1.0 -1.0 -1.0 -1.0 -1.0 -1.0 -1.0 0.0 0.0 0.0 1773825163264.0
-1.0 -1.0 -1.0 -1.0 -1.0 -1.0 -1.0 0.0 0.0 0.0 1773825163264.0
-1.0 -1.0 -1.0 -1.0 -1.0 -1.0 -1.0 0.0 0.0 0.0 1773825163264.0
-1.0 -1.0 -1.0 -1.0 -1.0 -1.0 -1.0 0.0 0.0 0.0 1773825163264.0
-1.0 -1.0 -1.0 -1.0 -1.0 -1.0 -1.0 0.0 0.0 0.0 1773825163264.0
-1.0 -1.0 -1.0 -1.0 -1.0 -1.0 -1.0 0.0 0.0 0.0 1773825163264.0
-1.0 -1.0 -1.0 -1.0 -1.0 -1.0 -1.0 0.0 0.0 0.0 1773825163264.0
-1.0 -1.0 -1.0 -1.0 -1.0 -1.0 -1.0 0.0 0.0 0.0 1773825163264.0
-1.0 -1.0 -1.0 -1.0 -1.0 -1.0 -1.0 0.0 0.0 0.0 1773825163264.0
-1.0 -1.0 -1.0 -1.0 -1.0 -1.0 -1.0 0.0 0.0 0.0 1773825163264.0
-1.0 -1.0 -1.0 -1.0 -1.0 -1.0 -1.0 0.0 0.0 0.0 1773825163264.0
-1.0 -1.0 -1.0 -1.0 -1.0 -1.0 -1.0 0.0 0.0 0.0 1773825163264.0
-1.0 -1.0 -1.0 -1.0 -1.0 -1.0 -1.0 0.0 0.0 0.0 1773825163264.0
-1.0 -1.0 -1.0 -1.0 -1.0 -1.0 -1.0 0.0 0.0 0.0 1773825163264.0
-1.0 -1.0 -1.0 -1.0 -1.0 -1.0 -1.0 0.0 0.0 0.0 1773825163264.0
-1.0 -1.0 -1.0 -1.0 -1.0 -1.0 -1.0 0.0 0.0 0.0 1773825163264.0
-1.0 -1.0 -1.0 -1.0 -1.0 -1.0 -1.0 0.0 0.0 0.0 1773825163264.0
-1.0 -1.0 -1.0 -1.0 -1.0 -1.0 -1.0 0.0 0.0 0.0 1773825163264.0
-1.0 -1.0 -1.0 -1.0 -1.0 -1.0 -1.0 0.0 0.0 0.0 1773825163264.0
-1.0 -1.0 -1.0 -1.0 -1.0 -1.0 -1.0 0.0 0.0 0.0 1773825163264.0
-1.0 -1.0 -1.0 -1.0 -1.0 -1.0 -1.0 0.0 0.0 0.0 1773825163264.0
-1.0 -1.0 -1.0 -1.0 -1.0 -1.0 -1.0 0.0 0.0 0.0 1773825163264.0
-1.0 -1.0 -1.0 -1.0 -1.0 -1.0 -1.0 0.0 0.0 0.0 1773825163264.0
-1.0 -1.0 -1.0 -1.0 -1.0 -1.0 -1.0 0.0 0.0 0.0 1773825163264.0
-1.0 -1.0 -1.0 -1.0 -1.0 -1.0 -1.0 0.0 0.0 0.0 1773825163264.0
-1.0 -1.0 -1.0 -1.0 -1.0 -1.0 -1.0 0.0 0.0 0.0 1773825163264.0
-1.0 -1.0 -1.0 -1.0 -1.0 -1.0 -1.0 0.0 0.0 0.0 1773825163264.0
-1.0 -1.0 -1.0 -1.0 -1.0 -1.0 -1.0 0.0 0.0 0.0 1773825163264.0
-1.0 -1.0 -1.0 -1.0 -1.0 -1.0 -1.0 0.0 0.0 0.0 1773825163264.0
-1.0 -1.0 -1.0 -1.0 -1.0 -1.0 -1.0 0.0 0.0 0.0 1773825163264.0
-1.0 -1.0 -1.0 -1.0 -1.0 -1.0 -1.0 0.0 0.0 0.0 1773825163264.0
-1.0 -1.0 -1.0 -1.0 -1.0 -1.0 -1.0 0.0 0.0 0.0 1773825163264.0
-1.0 -1.0 -1.0 -1.0 -1.0 -1.0 -1.0 0.0 0.0 0.0 1773825163264.0
-1.0 -1.0 -1.0 -1.0 -1.0 -1.0 -1.0 0.0 0.0 0.0 1773825163264.0
-1.0 -1.0 -1.0 -1.0 -1.0 -1.0 -1.0 0.0 0.0 0.0 1773825163264.0
-1.0 -1.0 -1.0 -1.0 -1.0 -1.0 -1.0 0.0 0.0 0.0 1773825163264.0
-1.0 -1.0 -1.0 -1.0 -1.0 -1.0 -1.0 0.0 0.0 0.0 1773825163264.0
-1.0 -1.0 -1.0 -1.0 -1.0 -1.0 -1.0 0.0 0.0 0.0 1773825163264.0
-1.0 -1.0 -1.0 -1.0 -1.0 -1.0 -1.0 0.0 0.0 0.0 1773825163264.0
-1.0 -1.0 -1.0 -1.0 -1.0 -1.0 -1.0 0.0 0.0 0.0 1773825163264.0
-1.0 -1.0 -1.0 -1.0 -1.0 -1.0 -1.0 0.0 0.0 0.0 1773825163264.0
-1.0 -1.0 -1.0 -1.0 -1.0 -1.0 -1.0 0.0 0.0 0.0 1773825163264.0
-1.0 -1.0 -1.0 -1.0 -1.0 -1.0 -1.0 0.0 0.0 0.0 1773825163264.0
-1.0 -1.0 -1.0 -1.0 -1.0 -1.0 -1.0 0.0 0.0 0.0 1773825163264.0
-1.0 -1.0 -1.0 -1.0 -1.0 -1.0 -1.0 0.0 0.0 0.0 1773825163264.0
-1.0 -1.0 -1.0 -1.0 -1.0 -1.0 -1.0 0.0 0.0 0.0 1773825163264.0
-1.0 -1.0 -1.0 -1.0 -1.0 -1.0 -1.0 0.0 0.0 0.0 1773825163264.0
-1.0 -1.0 -1.0 -1.0 -1.0 -1.0 -1.0 0.0 0.0 0.0 1773825163264.0
-1.0 -1.0 -1.0 -1.0 -1.0 -1.0 -1.0 0.0 0.0 0.0 1773825163264.0
-1.0 -1.0 -1.0 -1.0 -1.0 -1.0 -1.0 0.0 0.0 0.0 1773825163264.0
-1.0 -1.0 -1.0 -1.0 -1.0 -1.0 -1.0 0.0 0.0 0.0 1773825163264.0
-1.0 -1.0 -1.0 -1.0 -1.0 -1.0 -1.0 0.0 0.0 0.0 1773825163264.0
-1.0 -1.0 -1.0 -1.0 -1.0 -1.0 -1.0 0.0 0.0 0.0 1773825163264.0
-1.0 -1.0 -1.0 -1.0 -1.0 -1.0 -1.0 0.0 0.0 0.0 1773825163264.0
-1.0 -1.0 -1.0 -1.0 -1.0 -1.0 -1.0 0.0 0.0 0.0 1773825163264.0
-1.0 -1.0 -1.0 -1.0 -1.0 -1.0 -1.0 0.0 0.0 0.0 1773825163264.0
-1.0 -1.0 -1.0 -1.0 -1.0 -1.0 -1.0 0.0 0.0 0.0 1773825163264.0
-1.0 -1.0 -1.0 -1.0 -1.0 -1.0 -1.0 0.0 0.0 0.0 1773825163264.0
-1.0 -1.0 -1.0 -1.0 -1.0 -1.0 -1.0 0.0 0.0 0.0 1773825163264.0
-1.0 -1.0 -1.0 -1.0 -1.0 -1.0 -1.0 0.0 0.0 0.0 1773825163264.0
-1.0 -1.0 -1.0 -1.0 -1.0 -1.0 -1.0 0.0 0.0 0.0 1773825163264.0
-1.0 -1.0 -1.0 -1.0 -1.0 -1.0 -1.0 0.0 0.0 0.0 1773825163264.0
-1.0 -1.0 -1.0 -1.0 -1.0 -1.0 -1.0 0.0 0.0 0.0 1773825163264.0
-1.0 -1.0 -1.0 -1.0 -1.0 -1.0 -1.0 0.0 0.0 0.0 1773825163264.0
-1.0 -1.0 -1.0 -1.0 -1.0 -1.0 -1.0 0.0 0.0 0.0 1773825163264.0
0.27401670813560486 -0.17761535942554474 1.0506000518798828 -0.6355195641517639 0.6990976333618164 -0.011429938487708569 0.32748547196388245 1.0 0.9571661949157715 -1.0 1773825163264.0
0.26658713817596436 -0.17603103816509247 1.055999994277954 -0.5816788673400879 0.7312292456626892 0.05545499175786972 0.35196343064308167 1.0 0.9472290873527527 -1.0 1773825163264.0
0.25874537229537964 -0.17836743593215942 1.059399962425232 -0.577060878276825 0.7273510098457336 -0.0054318225011229515 0.371391624212265 1.0 0.9518258571624756 -1.0 1773825163264.0
0.25148990750312805 -0.17951582372188568 1.0642000436782837 -0.5686356425285339 0.7396388053894043 0.026064038276672363 0.35903850197792053 1.0 0.9508931636810303 -1.0 1773825163264.0
0.2446182519197464 -0.17961814999580383 1.0648000240325928 -0.5634334087371826 0.7394716739654541 0.027850061655044556 0.36735400557518005 1.0 0.947324812412262 -1.0 1773825163264.0
0.23966217041015625 -0.17933151125907898 1.0691999197006226 -0.5629754066467285 0.746751070022583 -0.0010024221846833825 0.35414764285087585 1.0 0.9510781764984131 -1.0 1773825163264.0
0.23485660552978516 -0.17909352481365204 1.0700000524520874 -0.5645719766616821 0.7567718029022217 0.023220518603920937 0.3286575376987457 1.0 0.9556105136871338 -1.0 1773825163264.0
0.23048575222492218 -0.17713910341262817 1.069000005722046 -0.5097742676734924 0.7718831300735474 0.03313969820737839 0.37845537066459656 1.0 0.948405921459198 -1.0 1773825163264.0
0.22799167037010193 -0.1765543520450592 1.0676000118255615 -0.5524719953536987 0.7572745680809021 0.0749073475599289 0.3401453197002411 1.0 0.9541548490524292 -1.0 1773825163264.0
0.2242317497730255 -0.17587468028068542 1.0612000226974487 -0.5461512804031372 0.7576219439506531 0.014607258141040802 0.3570915758609772 1.0 0.9541014432907104 -1.0 1773825163264.0
0.22107338905334473 -0.1763426512479782 1.057800054550171 -0.5186553001403809 0.7705737948417664 0.04353678226470947 0.367855042219162 1.0 0.9464757442474365 -1.0 1773825163264.0
0.2184676229953766 -0.17638717591762543 1.0518001317977905 -0.515626072883606 0.7599136233329773 0.0014415375189855695 0.39580172300338745 1.0 0.9479915499687195 -1.0 1773825163264.0
0.21682050824165344 -0.176716610789299 1.0456000566482544 -0.5280236005783081 0.7492088675498962 0.008433565497398376 0.39975741505622864 1.0 0.9460965991020203 -1.0 1773825163264.0
0.21667137742042542 -0.177435040473938 1.041599988937378 -0.5510358810424805 0.7429080605506897 -0.035904135555028915 0.3783622086048126 1.0 0.9525045156478882 -1.0 1773825163264.0
0.21736600995063782 -0.17817409336566925 1.040000081062317 -0.5376856327056885 0.7367485761642456 -0.016943922266364098 0.4096444845199585 1.0 0.9487313032150269 -1.0 1773825163264.0
0.2192508727312088 -0.178837850689888 1.0358000993728638 -0.5413656234741211 0.7428563237190247 -0.05042988806962967 0.3905695974826813 1.0 0.9492911696434021 -1.0 1773825163264.0
0.22101688385009766 -0.17996059358119965 1.0364000797271729 -0.5677316784858704 0.7420888543128967 -0.028963766992092133 0.3551703691482544 1.0 0.9556803107261658 -1.0 1773825163264.0
0.22282111644744873 -0.18021386861801147 1.0322000980377197 -0.5474238395690918 0.7585069537162781 0.04714302718639374 0.35038837790489197 1.0 0.9460957050323486 -1.0 1773825163264.0
0.2240673005580902 -0.18253909051418304 1.0316001176834106 -0.5647119879722595 0.7532214522361755 -0.02426997944712639 0.3364056646823883 1.0 0.9614077210426331 -1.0 1773825163264.0
0.22809794545173645 -0.1834881454706192 1.0329999923706055 -0.6317420601844788 0.7202978730201721 -0.04192560538649559 0.28339940309524536 1.0 0.9710178375244141 -1.0 1773825163264.0
0.2289496660232544 -0.1854589879512787 1.0291999578475952 -0.5408978462219238 0.7603402733802795 0.055353015661239624 0.3553144633769989 1.0 0.9576297998428345 -1.0 1773825163264.0
0.23279722034931183 -0.1871468424797058 1.0328000783920288 -0.5870907306671143 0.7355615496635437 0.03169618174433708 0.33655470609664917 1.0 0.9566349983215332 -1.0 1773825163264.0
0.23534202575683594 -0.19034072756767273 1.033400058746338 -0.5685703754425049 0.746575653553009 -0.0017958520911633968 0.34546974301338196 1.0 0.956996738910675 -1.0 1773825163264.0
0.23947611451148987 -0.19322766363620758 1.0380001068115234 -0.5733698010444641 0.7370507717132568 0.003834409173578024 0.3577548563480377 1.0 0.9566519260406494 -1.0 1773825163264.0
0.2431315928697586 -0.19722911715507507 1.0392000675201416 -0.5824898481369019 0.7558797597885132 0.0250999815762043 0.29786139726638794 1.0 0.9619847536087036 -1.0 1773825163264.0
0.24737092852592468 -0.1999463140964508 1.0426000356674194 -0.576013445854187 0.7577711343765259 0.026376433670520782 0.3054434359073639 1.0 0.9613560438156128 -1.0 1773825163264.0
0.2505793273448944 -0.20405396819114685 1.044600009918213 -0.5363545417785645 0.7529188990592957 0.10609210282564163 0.3663078546524048 1.0 0.9468163847923279 -1.0 1773825163264.0
0.25603562593460083 -0.20918211340904236 1.0514001846313477 -0.530210018157959 0.7554248571395874 0.08940237015485764 0.3744567930698395 1.0 0.94307941198349 -1.0 1773825163264.0
0.2620958685874939 -0.214930459856987 1.0590001344680786 -0.5412088632583618 0.7556400299072266 0.03878134489059448 0.3668748438358307 1.0 0.9487002491950989 -1.0 1773825163264.0
0.2648995518684387 -0.21872472763061523 1.0606000423431396 -0.5322676301002502 0.7568071484565735 0.07937118411064148 0.37099096179008484 1.0 0.9502848386764526 -1.0 1773825163264.0
0.26999789476394653 -0.22360143065452576 1.0670000314712524 -0.573108971118927 0.7514545917510986 0.04363761097192764 0.32397201657295227 1.0 0.9539190530776978 -1.0 1773825163264.0
0.27311253547668457 -0.2273533046245575 1.0681999921798706 -0.5531854033470154 0.7552948594093323 0.04871434345841408 0.34805527329444885 1.0 0.9529609680175781 -1.0 1773825163264.0
0.27514001727104187 -0.23024499416351318 1.0734001398086548 -0.5776931047439575 0.7421202659606934 0.045543208718299866 0.33682939410209656 1.0 0.9566036462783813 -1.0 1773825163264.0
0.27816447615623474 -0.23303863406181335 1.0780000686645508 -0.55623859167099 0.7502467036247253 -0.028131509199738503 0.35628238320350647 1.0 0.9522433280944824 -1.0 1773825163264.0
0.278519868850708 -0.23373933136463165 1.0796000957489014 -0.5822802186012268 0.7491152882575989 0.009754553437232971 0.3157230019569397 1.0 0.9503501057624817 -1.0 1773825163264.0
0.2779413163661957 -0.23265819251537323 1.0828001499176025 -0.5871151089668274 0.7348855137825012 -0.026018226519227028 0.3384703993797302 1.0 0.9550963640213013 -1.0 1773825163264.0
0.27439209818840027 -0.23157134652137756 1.084399938583374 -0.5763821601867676 0.7585424184799194 0.00015988631639629602 0.30396878719329834 1.0 0.9564263224601746 -1.0 1773825163264.0
0.26988232135772705 -0.22943922877311707 1.0861999988555908 -0.578487753868103 0.7486186623573303 0.011791440658271313 0.32370221614837646 1.0 0.9618211984634399 -1.0 1773825163264.0
0.2622245252132416 -0.22724643349647522 1.084200143814087 -0.6150882244110107 0.7299385666847229 -0.003454053308814764 0.2980675995349884 1.0 0.9668474793434143 -1.0 1773825163264.0
0.25527119636535645 -0.22589924931526184 1.086400032043457 -0.5891383290290833 0.743901252746582 -0.004073444753885269 0.3154526948928833 1.0 0.9595310091972351 -1.0 1773825163264.0
0.24364705383777618 -0.22155538201332092 1.080800175666809 -0.6107663512229919 0.7342685461044312 -0.04541458934545517 0.2928338646888733 1.0 0.9618878364562988 -1.0 1773825163264.0
0.23189878463745117 -0.21731166541576385 1.0794000625610352 -0.612885057926178 0.7391278147697449 0.06630612909793854 0.2714138627052307 1.0 0.9603964686393738 -1.0 1773825163264.0
0.21967270970344543 -0.21144242584705353 1.0784000158309937 -0.611179530620575 0.7340094447135925 -0.0281781405210495 0.29478082060813904 1.0 0.9641956090927124 -1.0 1773825163264.0
0.20486703515052795 -0.20302553474903107 1.0717999935150146 -0.5982675552368164 0.7372444868087769 0.0850566029548645 0.30217859148979187 1.0 0.9595127105712891 -1.0 1773825163264.0
0.1899576485157013 -0.19477181136608124 1.0651999711990356 -0.5837214589118958 0.7473649382591248 0.0729338750243187 0.30886173248291016 1.0 0.9601089954376221 -1.0 1773825163264.0
0.17364215850830078 -0.1858730912208557 1.0550000667572021 -0.5035226941108704 0.7518748044967651 0.1475943922996521 0.3992055654525757 1.0 0.9267853498458862 -1.0 1773825163264.0
0.15928640961647034 -0.17853619158267975 1.0546000003814697 -0.5564188957214355 0.7404659390449524 0.12280158698558807 0.35640981793403625 1.0 0.9508222937583923 -1.0 1773825163264.0
0.1441653072834015 -0.170927956700325 1.048200011253357 -0.5823385715484619 0.7414692640304565 0.054260630160570145 0.3288782238960266 1.0 0.9550229907035828 -1.0 1773825163264.0
0.13043667376041412 -0.1653965413570404 1.0455999374389648 -0.5754024982452393 0.7476989030838013 -0.049161553382873535 0.32778283953666687 1.0 0.9615882039070129 -1.0 1773825163264.0
0.11710760742425919 -0.15943703055381775 1.0404000282287598 -0.5917215943336487 0.7482655048370361 -0.09760874509811401 0.2836140990257263 1.0 0.9634126424789429 -1.0 1773825163264.0
0.10739722102880478 -0.15406973659992218 1.0389999151229858 -0.5721649527549744 0.7411497235298157 -0.07571881264448166 0.34291568398475647 1.0 0.9603990316390991 -1.0 1773825163264.0
0.09833268821239471 -0.14946018159389496 1.0382000207901 -0.5823668837547302 0.7556027173995972 0.013620857149362564 0.2995460629463196 1.0 0.9596383571624756 -1.0 1773825163264.0
0.09028120338916779 -0.14434054493904114 1.0356000661849976 -0.58543461561203 0.7436423897743225 -0.02333267405629158 0.32205265760421753 1.0 0.9622962474822998 -1.0 1773825163264.0
0.08404605835676193 -0.14073607325553894 1.0343999862670898 -0.5614883303642273 0.7552137970924377 0.0045708948746323586 0.33817464113235474 1.0 0.952670156955719 -1.0 1773825163264.0
0.0781451016664505 -0.13679470121860504 1.0329999923706055 -0.5786007642745972 0.73200923204422 0.007095428183674812 0.359629362821579 1.0 0.9551640748977661 -1.0 1773825163264.0
0.07399480789899826 -0.13503801822662354 1.0271999835968018 -0.5873162746429443 0.741369903087616 -0.022531654685735703 0.32391753792762756 1.0 0.9588427543640137 -1.0 1773825163264.0
0.07213453948497772 -0.13316139578819275 1.0282000303268433 -0.5452229976654053 0.7452269792556763 -0.10572534799575806 0.3690403699874878 1.0 0.9522905945777893 -1.0 1773825163264.0
0.07065196335315704 -0.1305808126926422 1.021399974822998 -0.5305908918380737 0.7458323836326599 -0.10308022797107697 0.38933512568473816 1.0 0.9513384699821472 -1.0 1773825163264.0
0.07042859494686127 -0.13017365336418152 1.018399953842163 -0.5193454623222351 0.7513121962547302 -0.053676847368478775 0.40364474058151245 1.0 0.9416710138320923 -1.0 1773825163264.0
0.06983904540538788 -0.12969934940338135 1.0150001049041748 -0.5295596718788147 0.7425369620323181 0.0015306995483115315 0.410125732421875 1.0 0.9379781484603882 -1.0 1773825163264.0
0.07130952179431915 -0.13084927201271057 1.016200065612793 -0.4940137267112732 0.7530468106269836 -0.007833991199731827 0.43452224135398865 1.0 0.9284243583679199 -1.0 1773825163264.0
0.07244964689016342 -0.13215823471546173 1.0130000114440918 -0.5185708999633789 0.7493337392807007 -0.07919915020465851 0.404117226600647 1.0 0.9402106404304504 -1.0 1773825163264.0
0.07263859361410141 -0.13007907569408417 1.0013999938964844 -0.5960102081298828 0.6987344622612 -0.23103095591068268 0.3211957812309265 1.0 0.9503440260887146 -1.0 1773825163264.0
0.07391906529664993 -0.13280494511127472 0.9966000318527222 0.6654943227767944 -0.6649836301803589 0.29577144980430603 -0.16563016176223755 1.0 0.9613581299781799 -1.0 1773825163264.0
0.07565145194530487 -0.13552920520305634 0.9946001172065735 -0.6517208814620972 0.7034493684768677 -0.27721136808395386 0.05977300927042961 1.0 0.9579165577888489 -1.0 1773825163264.0
0.08053956925868988 -0.13956192135810852 0.9979999661445618 -0.6258559226989746 0.7291795015335083 -0.22996576130390167 0.1540045291185379 1.0 0.9655952453613281 -1.0 1773825163264.0
0.08423289656639099 -0.14203885197639465 0.9992000460624695 -0.6170237064361572 0.7454281449317932 -0.21335387229919434 0.134531632065773 1.0 0.9632456302642822 -1.0 1773825163264.0
0.08949067443609238 -0.14483650028705597 1.002600073814392 -0.597194492816925 0.7584335803985596 -0.21811050176620483 0.1434052437543869 1.0 0.9623124599456787 -1.0 1773825163264.0
0.09319688379764557 -0.14708277583122253 1.0044000148773193 -0.602801501750946 0.7723344564437866 -0.18438227474689484 0.07831418514251709 1.0 0.9627424478530884 -1.0 1773825163264.0
0.09802541136741638 -0.1489572823047638 1.0058000087738037 -0.587187647819519 0.7746863961219788 -0.21362757682800293 0.09713350981473923 1.0 0.9623704552650452 -1.0 1773825163264.0
0.10249217599630356 -0.14998066425323486 1.0038000345230103 -0.5948161482810974 0.7621679902076721 -0.21889598667621613 0.1318265199661255 1.0 0.9662380218505859 -1.0 1773825163264.0
0.10729243606328964 -0.1517295092344284 1.0024000406265259 -0.5538089871406555 0.795781672000885 -0.1821223795413971 0.16388577222824097 1.0 0.9613050222396851 -1.0 1773825163264.0
0.10960924625396729 -0.15310454368591309 1.0027999877929688 -0.5591386556625366 0.8016853928565979 -0.15426012873649597 0.14445920288562775 1.0 0.9608598351478577 -1.0 1773825163264.0
0.11278648674488068 -0.15449340641498566 1.0012000799179077 -0.5499004125595093 0.7950002551078796 -0.17833712697029114 0.18379351496696472 1.0 0.9606336355209351 -1.0 1773825163264.0
0.11712139844894409 -0.15556678175926208 1.0016000270843506 -0.5679860711097717 0.7878391146659851 -0.1669567972421646 0.1697845309972763 1.0 0.9715143442153931 -1.0 1773825163264.0
0.12120456993579865 -0.15569545328617096 1.01419997215271 -0.5441398620605469 0.778720498085022 -0.008482100442051888 0.31214457750320435 1.0 0.9567744731903076 -1.0 1773825163264.0
0.12663793563842773 -0.15527942776679993 1.0180000066757202 -0.5528039932250977 0.7878202199935913 0.04542570933699608 0.2677377462387085 1.0 0.9691044688224792 -1.0 1773825163264.0
0.12974567711353302 -0.15515582263469696 1.0110000371932983 -0.5155552625656128 0.7868781685829163 0.14688606560230255 0.3056960105895996 1.0 0.9662681818008423 -1.0 1773825163264.0
0.13397040963172913 -0.157430499792099 1.012600064277649 -0.5129142999649048 0.7946518063545227 0.10528293997049332 0.30718550086021423 1.0 0.9669291973114014 -1.0 1773825163264.0
0.13650943338871002 -0.1592758297920227 1.0116000175476074 -0.5071679353713989 0.7949513792991638 0.10679405927658081 0.3153221607208252 1.0 0.9677417874336243 -1.0 1773825163264.0
0.13771364092826843 -0.16141654551029205 1.0085999965667725 -0.5174407362937927 0.7859064936637878 0.15056003630161285 0.30321231484413147 1.0 0.96761155128479 -1.0 1773825163264.0
0.13835769891738892 -0.16303977370262146 1.00819993019104 -0.5120250582695007 0.7855978608131409 0.1018693745136261 0.33209776878356934 1.0 0.9668333530426025 -1.0 1773825163264.0
0.13833948969841003 -0.16475674510002136 1.0083999633789062 -0.5441324710845947 0.7865698337554932 0.0926039069890976 0.2768617570400238 1.0 0.9746406078338623 -1.0 1773825163264.0
0.13872164487838745 -0.16642864048480988 1.0083999633789062 -0.5285983681678772 0.7867918610572815 0.09321311861276627 0.3047189712524414 1.0 0.9697113633155823 -1.0 1773825163264.0
0.1382037103176117 -0.16790106892585754 1.0074001550674438 -0.5375441312789917 0.7835864424705505 0.11754512786865234 0.28848201036453247 1.0 0.9701395034790039 -1.0 1773825163264.0
0.13774532079696655 -0.1680886596441269 1.0063999891281128 -0.5332798361778259 0.7953112721443176 0.09449999779462814 0.27232787013053894 1.0 0.9749834537506104 -1.0 1773825163264.0
0.13820116221904755 -0.16922716796398163 1.007200002670288 -0.543858528137207 0.7879908084869385 0.08013521879911423 0.2772485911846161 1.0 0.9708150625228882 -1.0 1773825163264.0
0.13741371035575867 -0.1686924695968628 1.0040000677108765 -0.5500070452690125 0.788737416267395 0.06876937299966812 0.2658125162124634 1.0 0.9720941781997681 -1.0 1773825163264.0
0.13666419684886932 -0.16931064426898956 1.0060001611709595 -0.5436535477638245 0.7782279253005981 0.14791026711463928 0.2773530185222626 1.0 0.9728713035583496 -1.0 1773825163264.0
0.13558515906333923 -0.16955812275409698 1.0053999423980713 -0.5495241284370422 0.7891911864280701 0.12245088070631027 0.24536968767642975 1.0 0.9723728895187378 -1.0 1773825163264.0
0.13447114825248718 -0.17021401226520538 1.0090000629425049 -0.5457431077957153 0.7963430881500244 0.05000276118516922 0.2559334933757782 1.0 0.9720218181610107 -1.0 1773825163264.0
0.13288183510303497 -0.17055748403072357 1.007200002670288 -0.5449345111846924 0.7957019805908203 0.08371847867965698 0.25079065561294556 1.0 0.9690606594085693 -1.0 1773825163264.0
0.13120137155056 -0.17092469334602356 1.0094000101089478 -0.5353404879570007 0.7957341074943542 0.08240999281406403 0.27097299695014954 1.0 0.9695853590965271 -1.0 1773825163264.0
0.1295931339263916 -0.1706138551235199 1.007200002670288 -0.5618544220924377 0.7978850603103638 0.007607765030115843 0.21826860308647156 1.0 0.9736794829368591 -1.0 1773825163264.0
0.12894727289676666 -0.1706976592540741 1.0099999904632568 -0.5300856232643127 0.8054624199867249 0.06841449439525604 0.25604501366615295 1.0 0.9634007811546326 -1.0 1773825163264.0
0.12736043334007263 -0.16967500746250153 1.0077999830245972 -0.5384047031402588 0.7985631227493286 0.029981127008795738 0.2674294412136078 1.0 0.9627130031585693 -1.0 1773825163264.0
0.12678320705890656 -0.1684197187423706 1.00819993019104 -0.5056083798408508 0.8104190826416016 -0.01183299720287323 0.29570430517196655 1.0 0.9513144493103027 -1.0 1773825163264.0
0.12592850625514984 -0.16635629534721375 1.0038001537322998 -0.47921323776245117 0.8096921443939209 -0.03313743323087692 0.3371278643608093 1.0 0.93931645154953 -1.0 1773825163264.0
0.1239098533987999 -0.16368639469146729 0.9940000772476196 -0.5149044990539551 0.781934916973114 0.13446512818336487 0.3246080279350281 1.0 0.9421659111976624 -1.0 1773825163264.0
0.11990951001644135 -0.16065554320812225 0.9810000658035278 -0.675470769405365 0.7086201906204224 0.14519570767879486 0.14323030412197113 1.0 0.9642865061759949 -1.0 1773825163264.0
0.12021850049495697 -0.16390754282474518 0.9744000434875488 0.8188022971153259 -0.5550292730331421 0.14663654565811157 -0.001745048793964088 1.0 0.9495828747749329 -1.0 1773825163264.0
0.12092339992523193 -0.17615973949432373 0.9801999926567078 0.9297822117805481 -0.35387930274009705 0.0995182991027832 -0.01924949884414673 1.0 0.8572357892990112 -1.0 1773825163264.0
0.12769177556037903 -0.18365950882434845 0.9876001477241516 -0.77664715051651 0.058914441615343094 -0.08394380658864975 0.6215317249298096 1.0 0.7486024498939514 -1.0 1773825163264.0
0.13590894639492035 -0.18475167453289032 0.9987999796867371 -0.8491613864898682 0.0839662253856659 0.08700647205114365 0.5141056776046753 1.0 0.7028146982192993 -1.0 1773825163264.0
0.14038792252540588 -0.18276360630989075 0.9987999796867371 0.9527340531349182 0.04874788224697113 -0.2438768893480301 0.17448662221431732 1.0 0.6747075319290161 -1.0 1773825163264.0
0.14387549459934235 -0.18200671672821045 0.9945999979972839 0.7073524594306946 0.09144153445959091 -0.11828390508890152 0.6908689141273499 1.0 0.7463788986206055 -1.0 1773825163264.0
0.14306387305259705 -0.180709570646286 0.9909999966621399 0.8222460150718689 0.020138338208198547 -0.07740528881549835 0.5634841322898865 1.0 0.768747866153717 -1.0 1773825163264.0
0.14348208904266357 -0.18055492639541626 0.9919999837875366 0.8118262887001038 0.04090046137571335 -0.09887177497148514 0.5740119814872742 1.0 0.7030396461486816 -1.0 1773825163264.0
0.14357095956802368 -0.17860643565654755 0.9919999837875366 0.18267571926116943 0.014729161746799946 -0.061889369040727615 0.9811128377914429 1.0 0.6878066062927246 -1.0 1773825163264.0
0.14412808418273926 -0.17755219340324402 0.9916000366210938 -0.46152952313423157 0.08076752722263336 0.0620533786714077 0.881258487701416 1.0 0.7757376432418823 -1.0 1773825163264.0
0.1431281566619873 -0.17702646553516388 0.9942000508308411 -0.4875815808773041 0.16631636023521423 0.11356143653392792 0.8495333194732666 1.0 0.8011820316314697 -1.0 1773825163264.0
0.1423681676387787 -0.17473068833351135 0.9886000752449036 -0.45863068103790283 0.12533414363861084 0.12016119062900543 0.8714990019798279 1.0 0.8446354866027832 -1.0 1773825163264.0
0.14158500730991364 -0.17537304759025574 0.9922000765800476 -0.4246664047241211 0.13251568377017975 0.07092560082674026 0.89278644323349 1.0 0.8188362717628479 -1.0 1773825163264.0
0.14192432165145874 -0.17520232498645782 0.9950000047683716 -0.4326733946800232 0.16721481084823608 0.12128765881061554 0.8775660991668701 1.0 0.8123053312301636 -1.0 1773825163264.0
0.14068248867988586 -0.1739814728498459 0.9880000948905945 -0.4563005864620209 0.12601877748966217 0.09577193856239319 0.8756350874900818 1.0 0.8338572978973389 -1.0 1773825163264.0
0.1400911808013916 -0.17485253512859344 0.9930000305175781 -0.4538167715072632 0.09218897670507431 0.022824792191386223 0.8860195279121399 1.0 0.780872642993927 -1.0 1773825163264.0
0.13947370648384094 -0.1741015613079071 0.988800048828125 -0.3790439963340759 0.10102725774049759 -0.001921637449413538 0.9198453426361084 1.0 0.7186666131019592 -1.0 1773825163264.0
0.13945439457893372 -0.17503860592842102 0.9886000752449036 -0.6107760071754456 0.10882990062236786 0.010216139256954193 0.7842221260070801 1.0 0.7763630151748657 -1.0 1773825163264.0
0.13821259140968323 -0.1736200749874115 0.984200119972229 -0.2745983898639679 0.036374907940626144 -0.12618032097816467 0.9525498151779175 1.0 0.7211944460868835 -1.0 1773825163264.0
0.13668875396251678 -0.17512480914592743 0.9872000813484192 -0.4387495219707489 0.008220532909035683 -0.20885728299617767 0.8739622235298157 1.0 0.8304014801979065 -1.0 1773825163264.0
0.1339837908744812 -0.174922376871109 0.984200119972229 -0.3608681559562683 0.007942317053675652 -0.27437254786491394 0.8913085460662842 1.0 0.8727380633354187 -1.0 1773825163264.0
0.13027939200401306 -0.17442941665649414 0.9834000468254089 -0.1413886547088623 -3.288590960437432e-05 -0.30498433113098145 0.941803514957428 1.0 0.8446741700172424 -1.0 1773825163264.0
0.129071444272995 -0.17579928040504456 0.9894000291824341 -0.15669941902160645 0.0693630576133728 -0.3417261242866516 0.9240440130233765 1.0 0.8604406118392944 -1.0 1773825163264.0
0.12870803475379944 -0.17641746997833252 0.9894000887870789 0.04577815532684326 0.08672256022691727 -0.3672080934047699 0.9249550104141235 1.0 0.8799276351928711 -1.0 1773825163264.0
0.12785091996192932 -0.17779937386512756 0.9880000948905945 -0.08271408826112747 0.12491002678871155 -0.3542771339416504 0.9230620861053467 1.0 0.8917752504348755 -1.0 1773825163264.0
0.12769654393196106 -0.17788223922252655 0.9866000413894653 -0.029718440026044846 0.10619959235191345 -0.3481816053390503 0.9309178590774536 1.0 0.8940823674201965 -1.0 1773825163264.0
0.12831290066242218 -0.1776740550994873 0.9890000224113464 -0.1654312014579773 0.11487995088100433 -0.3657505214214325 0.9086592793464661 1.0 0.9117977023124695 -1.0 1773825163264.0
0.12801142036914825 -0.17686493694782257 0.9862000346183777 -0.0757422223687172 0.030216369777917862 -0.36930525302886963 0.9257233738899231 1.0 0.907149076461792 -1.0 1773825163264.0
0.12873569130897522 -0.17765632271766663 0.9928000569343567 0.05827907845377922 0.2302737534046173 -0.34351617097854614 0.9086111187934875 1.0 0.8775759935379028 -1.0 1773825163264.0
0.12857505679130554 -0.1771167367696762 0.9913999438285828 -0.1436333954334259 0.18261142075061798 -0.34653833508491516 0.9088089466094971 1.0 0.9137052893638611 -1.0 1773825163264.0
0.12848250567913055 -0.17725297808647156 0.9902000427246094 -0.14700953662395477 0.09600409120321274 -0.357712984085083 0.9171765446662903 1.0 0.9085400104522705 -1.0 1773825163264.0
0.12705841660499573 -0.1753622442483902 0.9869999885559082 -0.12995798885822296 0.16577871143817902 -0.3528185486793518 0.9116728901863098 1.0 0.9202902317047119 -1.0 1773825163264.0
0.1268780529499054 -0.17444483935832977 0.9856001138687134 0.05638119950890541 0.1423739641904831 -0.39783260226249695 0.9045883417129517 1.0 0.9301749467849731 -1.0 1773825163264.0
0.1252744495868683 -0.17288248240947723 0.9854000806808472 -0.22091072797775269 0.03980100899934769 -0.4281888008117676 0.8753677606582642 1.0 0.9527889490127563 -1.0 1773825163264.0
0.12351065874099731 -0.16937974095344543 0.9836000204086304 -0.2340671718120575 -0.06595494598150253 -0.5190349817276001 0.8194298148155212 1.0 0.9578177332878113 -1.0 1773825163264.0
0.12593546509742737 -0.16032704710960388 0.9744000434875488 0.1782892495393753 -0.30819380283355713 -0.5197562575340271 0.7765841484069824 1.0 0.9482736587524414 -1.0 1773825163264.0
0.12522657215595245 -0.15591630339622498 0.9796000719070435 0.4690885543823242 -0.15420736372470856 -0.6576058864593506 0.568973183631897 1.0 0.9544730186462402 -1.0 1773825163264.0
0.1257101148366928 -0.1562836468219757 0.9864000082015991 -0.45753005146980286 0.08072592318058014 0.7603514194488525 -0.45388907194137573 1.0 0.9276032447814941 -1.0 1773825163264.0
0.12763385474681854 -0.15725357830524445 0.9944000244140625 0.3446963131427765 -0.0431135855615139 -0.7711458206176758 0.5335352420806885 1.0 0.950653076171875 -1.0 1773825163264.0
0.12715983390808105 -0.15981616079807281 0.9958000183105469 0.30699825286865234 -0.028107773512601852 -0.7813652753829956 0.5426143407821655 1.0 0.9691897630691528 -1.0 1773825163264.0
0.12673147022724152 -0.16203579306602478 0.9973999857902527 -0.28773635625839233 0.0051961843855679035 0.8193684816360474 -0.4957984685897827 1.0 0.9711910486221313 -1.0 1773825163264.0
0.12698180973529816 -0.16407087445259094 0.9998000264167786 0.2291833609342575 0.04675617814064026 -0.8265339732170105 0.5119867920875549 1.0 0.9729309678077698 -1.0 1773825163264.0
0.12593281269073486 -0.16425246000289917 0.999000072479248 -0.26630330085754395 -0.05967375636100769 0.832879364490509 -0.48149099946022034 1.0 0.9693054556846619 -1.0 1773825163264.0
0.12644125521183014 -0.1655433475971222 1.0006000995635986 0.21188296377658844 -0.0006351878400892019 -0.8359207510948181 0.5063020586967468 1.0 0.9771699905395508 -1.0 1773825163264.0
0.12624777853488922 -0.16537119448184967 1.0018000602722168 -0.2483498752117157 -0.06743480265140533 0.8357536196708679 -0.48506787419319153 1.0 0.9686259031295776 -1.0 1773825163264.0
0.12624415755271912 -0.16504642367362976 1.0018000602722168 -0.23309583961963654 -0.04863695055246353 0.8343788981437683 -0.497104287147522 1.0 0.9696552157402039 -1.0 1773825163264.0
0.12603840231895447 -0.16441242396831512 0.9998000264167786 -0.2516217827796936 -0.01876913197338581 0.8355737924575806 -0.4880068004131317 1.0 0.9695932269096375 -1.0 1773825163264.0
0.12623029947280884 -0.16432854533195496 1.0012000799179077 -0.258399099111557 0.027827873826026917 0.8354808688163757 -0.484176903963089 1.0 0.9710579514503479 -1.0 1773825163264.0
0.12587842345237732 -0.1633131057024002 1.0012000799179077 -0.2706124484539032 -0.011536378413438797 0.8385422825813293 -0.4727395474910736 1.0 0.9649177193641663 -1.0 1773825163264.0
0.12597587704658508 -0.16274119913578033 0.9998000264167786 0.22276197373867035 0.056859347969293594 -0.8258354067802429 0.5149175524711609 1.0 0.9695433378219604 -1.0 1773825163264.0
0.12638942897319794 -0.16284063458442688 1.0002000331878662 0.2233981341123581 0.0053246538154780865 -0.8276649713516235 0.5148161053657532 1.0 0.9678406119346619 -1.0 1773825163264.0
0.12653520703315735 -0.16328217089176178 1.0010000467300415 -0.2775532007217407 0.010053214617073536 0.8248431086540222 -0.4924398362636566 1.0 0.9687175750732422 -1.0 1773825163264.0
0.12650904059410095 -0.16389454901218414 0.9986000061035156 0.21307530999183655 -0.0028953542932868004 -0.8360037803649902 0.5056562423706055 1.0 0.9738238453865051 -1.0 1773825163264.0
0.12616291642189026 -0.16460195183753967 1.0010000467300415 -0.23168914020061493 -0.02623562514781952 0.843312680721283 -0.4842061400413513 1.0 0.9664533734321594 -1.0 1773825163264.0
0.12618513405323029 -0.16456317901611328 0.9986000061035156 0.19423016905784607 -0.021121369674801826 -0.8400581479072571 0.5060937404632568 1.0 0.9741352796554565 -1.0 1773825163264.0
0.1263662576675415 -0.16473717987537384 0.9998000264167786 -0.24737699329853058 -0.0072334385477006435 0.8405358195304871 -0.4819251596927643 1.0 0.9713016748428345 -1.0 1773825163264.0
0.12616778910160065 -0.16450653970241547 0.9984000325202942 -0.22787298262119293 -0.007718146312981844 0.8406688570976257 -0.49121299386024475 1.0 0.9752294421195984 -1.0 1773825163264.0
0.12615633010864258 -0.16526760160923004 1.0010000467300415 -0.20942728221416473 -0.004579330328851938 0.8406671285629272 -0.4993976354598999 1.0 0.9682307243347168 -1.0 1773825163264.0
0.12599627673625946 -0.165409117937088 0.9998000264167786 -0.19674821197986603 -0.016939997673034668 0.8437508344650269 -0.499086856842041 1.0 0.9736109972000122 -1.0 1773825163264.0
0.12507136166095734 -0.16583290696144104 1.0004000663757324 0.18250876665115356 0.040990207344293594 -0.842785120010376 0.5047014951705933 1.0 0.9745712280273438 -1.0 1773825163264.0
0.12521931529045105 -0.16561760008335114 1.0013999938964844 -0.246145099401474 -0.08418773859739304 0.8383232951164246 -0.4791024625301361 1.0 0.9649131298065186 -1.0 1773825163264.0
0.12501180171966553 -0.16613619029521942 1.0024000406265259 -0.2348618060350418 -0.05456574633717537 0.8415346741676331 -0.483406662940979 1.0 0.968150794506073 -1.0 1773825163264.0
0.12441374361515045 -0.16591577231884003 1.003000020980835 0.218844473361969 0.03873876482248306 -0.8349452018737793 0.5034610629081726 1.0 0.9731879830360413 -1.0 1773825163264.0
0.12379573285579681 -0.16520938277244568 1.0006000995635986 0.21036870777606964 -0.006013019476085901 -0.8325375318527222 0.5124355554580688 1.0 0.9749952554702759 -1.0 1773825163264.0
0.1238505095243454 -0.16559267044067383 1.0010000467300415 0.23624633252620697 0.009458146058022976 -0.8245440721511841 0.5140285491943359 1.0 0.9731789827346802 -1.0 1773825163264.0
0.12364931404590607 -0.16583874821662903 1.004600167274475 -0.2707862854003906 -3.1244821002474055e-05 0.8245880603790283 -0.49671852588653564 1.0 0.9685920476913452 -1.0 1773825163264.0
0.12309958040714264 -0.16552917659282684 1.002600073814392 0.28784462809562683 -0.017143456265330315 -0.816024899482727 0.5009540319442749 1.0 0.9710273742675781 -1.0 1773825163264.0
0.12332701683044434 -0.16597728431224823 1.0074000358581543 0.25526928901672363 0.017326774075627327 -0.8160074353218079 0.5183331966400146 1.0 0.9706798791885376 -1.0 1773825163264.0
0.12327675521373749 -0.16627970337867737 1.0072001218795776 0.22949346899986267 0.041450608521699905 -0.8150890469551086 0.5303248763084412 1.0 0.976255476474762 -1.0 1773825163264.0
0.12286863476037979 -0.16585926711559296 1.0063999891281128 0.2071651816368103 -0.03857133165001869 -0.8138465881347656 0.541524350643158 1.0 0.9762668013572693 -1.0 1773825163264.0
0.12301716953516006 -0.16601480543613434 1.0076000690460205 0.2495795041322708 0.010291602462530136 -0.816077470779419 0.5211734771728516 1.0 0.9716498851776123 -1.0 1773825163264.0
0.12212853133678436 -0.16573575139045715 1.00600004196167 0.24498532712459564 0.040885522961616516 -0.8063573241233826 0.5367481112480164 1.0 0.9710599184036255 -1.0 1773825163264.0
0.12194494903087616 -0.16593119502067566 1.007200002670288 0.25307154655456543 0.02869085595011711 -0.8068832755088806 0.5329831838607788 1.0 0.96561598777771 -1.0 1773825163264.0
0.12038829177618027 -0.16496583819389343 1.0052001476287842 0.2517140805721283 -0.039740778505802155 -0.7961251735687256 0.5488583445549011 1.0 0.9637531638145447 -1.0 1773825163264.0
0.11975902318954468 -0.16422410309314728 1.0049999952316284 -0.3507383465766907 0.010309066623449326 0.8091239333152771 -0.4713754653930664 1.0 0.9465517401695251 -1.0 1773825163264.0
0.11948058754205704 -0.16510269045829773 1.0022000074386597 -0.3423027992248535 0.04848180711269379 0.8140368461608887 -0.4667145013809204 1.0 0.9489209055900574 -1.0 1773825163264.0
0.1187276840209961 -0.1639336496591568 0.9989999532699585 0.29573380947113037 -0.08303400129079819 -0.7975267767906189 0.5192281603813171 1.0 0.9512827396392822 -1.0 1773825163264.0
0.11858739703893661 -0.16292808949947357 0.9950000643730164 -0.32911795377731323 0.06661290675401688 0.8018984198570251 -0.4941690266132355 1.0 0.9472222328186035 -1.0 1773825163264.0
0.11796166747808456 -0.1610066294670105 0.9950000643730164 0.30398330092430115 -0.11689073592424393 -0.7952699065208435 0.5113477110862732 1.0 0.952272891998291 -1.0 1773825163264.0
0.11846814304590225 -0.16157515347003937 0.9966000318527222 0.3145456910133362 -0.11512025445699692 -0.784412145614624 0.5220209956169128 1.0 0.9474295973777771 -1.0 1773825163264.0
0.11749354749917984 -0.16190162301063538 0.9944000244140625 0.24324186146259308 -0.1314842402935028 -0.7784399390220642 0.5635393261909485 1.0 0.9538397789001465 -1.0 1773825163264.0
0.11733845621347427 -0.161398246884346 0.9952000379562378 0.2852594554424286 -0.16024132072925568 -0.7740446925163269 0.5420374274253845 1.0 0.9551661610603333 -1.0 1773825163264.0
0.11750010401010513 -0.1608019471168518 0.9938000440597534 0.3322804868221283 -0.09272903949022293 -0.7806719541549683 0.5210973024368286 1.0 0.9528424739837646 -1.0 1773825163264.0
0.11712996661663055 -0.16075527667999268 0.9934000968933105 0.31275829672813416 -0.1341724842786789 -0.7829265594482422 0.5207744240760803 1.0 0.9590490460395813 -1.0 1773825163264.0
0.11761491000652313 -0.16093027591705322 0.9945999979972839 0.32892045378685 -0.09845922142267227 -0.7892049551010132 0.5091882348060608 1.0 0.9503365159034729 -1.0 1773825163264.0
0.11772141605615616 -0.16275742650032043 0.9956000447273254 0.30266669392585754 -0.13495047390460968 -0.7824861407279968 0.5271590948104858 1.0 0.954613983631134 -1.0 1773825163264.0
0.11800237745046616 -0.1630157232284546 0.995199978351593 0.30918532609939575 -0.12868838012218475 -0.7838900089263916 0.5228385925292969 1.0 0.9561821222305298 -1.0 1773825163264.0
0.11726454645395279 -0.16251227259635925 0.9942000508308411 -0.3490366041660309 0.12979112565517426 0.7847117185592651 -0.49553540349006653 1.0 0.9476351141929626 -1.0 1773825163264.0
0.11886787414550781 -0.16392476856708527 0.9970000982284546 -0.3393574059009552 0.07724842429161072 0.7944133281707764 -0.4977717399597168 1.0 0.945335328578949 -1.0 1773825163264.0
0.11956970393657684 -0.16403236985206604 0.9976000785827637 0.31421366333961487 -0.0686158835887909 -0.7949398756027222 0.5144242644309998 1.0 0.9484128355979919 -1.0 1773825163264.0
0.12022276967763901 -0.16399280726909637 0.9975999593734741 -0.33589693903923035 0.03913762792944908 0.806293249130249 -0.4853171408176422 1.0 0.9400110244750977 -1.0 1773825163264.0
0.12116460502147675 -0.16300906240940094 0.9973999857902527 0.31802162528038025 -0.07961133122444153 -0.7844561338424683 0.5264531970024109 1.0 0.9506909847259521 -1.0 1773825163264.0
0.12233324348926544 -0.16304315626621246 1.002000093460083 0.32571151852607727 0.02471499890089035 -0.7892681956291199 0.5199586153030396 1.0 0.94315505027771 -1.0 1773825163264.0
0.12403549998998642 -0.16015125811100006 1.0024000406265259 0.30531635880470276 0.07484567165374756 -0.7789044380187988 0.5426675081253052 1.0 0.9556357860565186 -1.0 1773825163264.0
0.12642280757427216 -0.1593751460313797 1.0053999423980713 0.285325288772583 -0.06305371224880219 -0.7772945761680603 0.5571596622467041 1.0 0.9636702537536621 -1.0 1773825163264.0
0.12950406968593597 -0.15681876242160797 1.0062000751495361 0.30910712480545044 0.0069579388946294785 -0.7705472707748413 0.5573700070381165 1.0 0.9657669067382812 -1.0 1773825163264.0
0.13213789463043213 -0.1538764089345932 1.0085999965667725 0.2954343557357788 -0.03420621156692505 -0.7683783769607544 0.5666950345039368 1.0 0.9618031978607178 -1.0 1773825163264.0
0.1338403970003128 -0.15062573552131653 1.009200096130371 0.285223126411438 0.007693951018154621 -0.7700802087783813 0.5705831050872803 1.0 0.9621032476425171 -1.0 1773825163264.0
0.13465449213981628 -0.147090345621109 1.0104000568389893 0.30567383766174316 0.08794369548559189 -0.7676781415939331 0.5563269853591919 1.0 0.9572359919548035 -1.0 1773825163264.0
0.1361318677663803 -0.14462284743785858 1.0116000175476074 0.2991745173931122 0.047949183732271194 -0.7613219618797302 0.5732227563858032 1.0 0.9655689001083374 -1.0 1773825163264.0
0.13871340453624725 -0.14253966510295868 1.0180000066757202 0.3039719760417938 -0.002921840874478221 -0.7616503834724426 0.5722597241401672 1.0 0.9615926742553711 -1.0 1773825163264.0
0.13878709077835083 -0.14062413573265076 1.0140000581741333 0.2873041033744812 0.04086184874176979 -0.7719319462776184 0.5656038522720337 1.0 0.9616254568099976 -1.0 1773825163264.0
0.1405998170375824 -0.1394275575876236 1.0174000263214111 0.2884520888328552 -0.006568707525730133 -0.7719696760177612 0.5664054155349731 1.0 0.9557270407676697 -1.0 1773825163264.0
0.1414664089679718 -0.13833244144916534 1.0190000534057617 0.22841644287109375 -0.0026583645958453417 -0.7694305181503296 0.5964860320091248 1.0 0.960854709148407 -1.0 1773825163264.0
0.14205387234687805 -0.1367829293012619 1.0178000926971436 0.33852332830429077 0.03872106969356537 -0.7851321697235107 0.5171752572059631 1.0 0.9500818848609924 -1.0 1773825163264.0
0.14283722639083862 -0.13622447848320007 1.0186001062393188 0.32369768619537354 0.01529689785093069 -0.7738507986068726 0.5441883206367493 1.0 0.9509592056274414 -1.0 1773825163264.0
0.1429711878299713 -0.1364581137895584 1.0200002193450928 0.23538212478160858 -0.043128881603479385 -0.767126202583313 0.595191240310669 1.0 0.9588481187820435 -1.0 1773825163264.0
0.14333558082580566 -0.13543176651000977 1.0199999809265137 0.2867308557033539 0.006392129231244326 -0.7739896178245544 0.5645216107368469 1.0 0.9591365456581116 -1.0 1773825163264.0
0.14350144565105438 -0.135993093252182 1.0214002132415771 0.2255682498216629 -0.05551988258957863 -0.7669180631637573 0.5982250571250916 1.0 0.9630718231201172 -1.0 1773825163264.0
0.14365315437316895 -0.13573962450027466 1.022200107574463 0.28174012899398804 -0.03373725712299347 -0.7718601822853088 0.5689607262611389 1.0 0.9595426321029663 -1.0 1773825163264.0
0.1434231698513031 -0.13552190363407135 1.0206000804901123 0.2797548472881317 -0.014854173175990582 -0.7729721069335938 0.5692369937896729 1.0 0.9647850394248962 -1.0 1773825163264.0
0.14302431046962738 -0.1361427754163742 1.020400047302246 0.2711433470249176 0.03062092885375023 -0.7719541788101196 0.5741345286369324 1.0 0.9539324045181274 -1.0 1773825163264.0
0.14285694062709808 -0.13730429112911224 1.021399974822998 0.28246501088142395 0.011819753795862198 -0.7739492654800415 0.5666360259056091 1.0 0.9637454748153687 -1.0 1773825163264.0
0.14200489223003387 -0.13917794823646545 1.020400047302246 0.25499770045280457 0.04259033128619194 -0.7833125591278076 0.5653173327445984 1.0 0.9609257578849792 -1.0 1773825163264.0
0.14193269610404968 -0.13975928723812103 1.017199993133545 0.2734706401824951 0.002687087981030345 -0.7841938734054565 0.5569979548454285 1.0 0.9606490135192871 -1.0 1773825163264.0
0.14128586649894714 -0.14212024211883545 1.0152000188827515 0.267508327960968 0.09008676558732986 -0.7787243723869324 0.560278594493866 1.0 0.966835081577301 -1.0 1773825163264.0
0.1416124552488327 -0.1440182328224182 1.0144001245498657 0.3329433500766754 0.038649242371320724 -0.7835519313812256 0.5231648087501526 1.0 0.9626373648643494 -1.0 1773825163264.0
0.14164146780967712 -0.14678484201431274 1.0150001049041748 0.298056960105896 0.06283064186573029 -0.7817651033401489 0.5441119074821472 1.0 0.9674705266952515 -1.0 1773825163264.0
0.14115270972251892 -0.14829669892787933 1.0094000101089478 0.27434253692626953 0.08375450223684311 -0.7796666026115417 0.5566339492797852 1.0 0.964195966720581 -1.0 1773825163264.0
0.14077338576316833 -0.15054401755332947 1.0090000629425049 0.28659164905548096 0.10901663452386856 -0.7754951119422913 0.5518949031829834 1.0 0.9632481336593628 -1.0 1773825163264.0
0.14081691205501556 -0.1522420346736908 1.0068000555038452 0.2674461007118225 0.08176963031291962 -0.7798313498497009 0.5600441098213196 1.0 0.9651921391487122 -1.0 1773825163264.0
0.1415644884109497 -0.15434297919273376 1.0074000358581543 0.2487262636423111 0.05660102143883705 -0.7912211418151855 0.5557883977890015 1.0 0.9689939022064209 -1.0 1773825163264.0
0.1409202367067337 -0.15592871606349945 1.0027999877929688 0.2661570906639099 0.08105539530515671 -0.7878699898719788 0.5494099855422974 1.0 0.9647375345230103 -1.0 1773825163264.0
0.14114364981651306 -0.1573801040649414 1.0016000270843506 0.2983233332633972 0.06407862901687622 -0.789793848991394 0.5320928692817688 1.0 0.9522650837898254 -1.0 1773825163264.0
0.1424800604581833 -0.16005392372608185 1.0016000270843506 0.27473920583724976 -0.01097299437969923 -0.8003719449043274 0.5327314138412476 1.0 0.9544400572776794 -1.0 1773825163264.0
0.1427667886018753 -0.16091635823249817 0.9968000650405884 0.2941654622554779 -0.030925491824746132 -0.7906385660171509 0.5360979437828064 1.0 0.9509668350219727 -1.0 1773825163264.0
0.144138902425766 -0.16054657101631165 0.9923999905586243 0.30202916264533997 -0.07957838475704193 -0.7844826579093933 0.5357542037963867 1.0 0.9441747665405273 -1.0 1773825163264.0
0.14487560093402863 -0.15996277332305908 0.9862000346183777 0.21228504180908203 -0.17312902212142944 -0.7555254101753235 0.5950989723205566 1.0 0.9649703502655029 -1.0 1773825163264.0
0.14730536937713623 -0.16142167150974274 0.9871999621391296 0.20521849393844604 -0.16302503645420074 -0.759882390499115 0.5948839783668518 1.0 0.9666005373001099 -1.0 1773825163264.0
0.14875875413417816 -0.16223865747451782 0.9842000007629395 0.17809708416461945 -0.1343429833650589 -0.775393009185791 0.5907614827156067 1.0 0.9759103059768677 -1.0 1773825163264.0
0.15061788260936737 -0.16502214968204498 0.9855999946594238 0.2504703104496002 -0.10624916106462479 -0.788555383682251 0.5515035390853882 1.0 0.9663829803466797 -1.0 1773825163264.0
0.15283307433128357 -0.16689756512641907 0.9891999959945679 0.2616579830646515 -0.0530063770711422 -0.8057491183280945 0.5286717414855957 1.0 0.9506590962409973 -1.0 1773825163264.0
0.15461117029190063 -0.16903439164161682 0.9900000691413879 0.22290116548538208 -0.11921368539333344 -0.8011611700057983 0.5424425601959229 1.0 0.9569562077522278 -1.0 1773825163264.0
0.15641871094703674 -0.16956216096878052 0.9912000894546509 0.2284313291311264 -0.11221904307603836 -0.8029084801673889 0.5390398502349854 1.0 0.9562902450561523 -1.0 1773825163264.0
0.15733303129673004 -0.16983135044574738 0.9928000569343567 0.2310362309217453 -0.09278244525194168 -0.7972774505615234 0.5498748421669006 1.0 0.9548011422157288 -1.0 1773825163264.0
0.15756197273731232 -0.17009520530700684 0.9923999905586243 0.21518199145793915 -0.09402129054069519 -0.7866488695144653 0.5709993839263916 1.0 0.9582391977310181 -1.0 1773825163264.0
0.15783512592315674 -0.16992861032485962 0.9898000955581665 0.25789812207221985 -0.08363887667655945 -0.7391147613525391 0.6166056394577026 1.0 0.9605093002319336 -1.0 1773825163264.0
0.15830065310001373 -0.1711685210466385 0.9910000562667847 0.1760849505662918 -0.14978063106536865 -0.693246603012085 0.6826192140579224 1.0 0.9522817134857178 -1.0 1773825163264.0
0.15945212543010712 -0.1720035821199417 0.9902000427246094 0.17809949815273285 -0.13698816299438477 -0.697136402130127 0.6808198690414429 1.0 0.9560564756393433 -1.0 1773825163264.0
0.15887455642223358 -0.17236082255840302 0.9886000752449036 0.2063196897506714 -0.13451245427131653 -0.6879596710205078 0.6826786398887634 1.0 0.9636512994766235 -1.0 1773825163264.0
0.15887059271335602 -0.17302517592906952 0.9866001009941101 0.16933265328407288 -0.18433628976345062 -0.655719518661499 0.7123051285743713 1.0 0.9657714366912842 -1.0 1773825163264.0
0.15634378790855408 -0.1724405586719513 0.9848000407218933 0.09540075808763504 -0.2564019560813904 -0.5909481048583984 0.7589052319526672 1.0 0.9622340798377991 -1.0 1773825163264.0
0.15223328769207 -0.1712983101606369 0.9784000515937805 0.025927221402525902 -0.07459205389022827 -0.6044613122940063 0.7927108407020569 1.0 0.9715685248374939 -1.0 1773825163264.0
0.14965444803237915 -0.1684756577014923 0.9828001260757446 0.09150362759828568 -0.05659293383359909 -0.5229507684707642 0.8455452919006348 1.0 0.9680981636047363 -1.0 1773825163264.0
0.14702102541923523 -0.16486099362373352 0.9864000082015991 0.3381921052932739 -0.12659774720668793 -0.38885706663131714 0.8475784659385681 1.0 0.9283769726753235 -1.0 1773825163264.0
0.15058472752571106 -0.15834899246692657 0.9820000529289246 0.20760837197303772 -0.14414946734905243 -0.41580620408058167 0.8736274242401123 1.0 0.9005314111709595 -1.0 1773825163264.0
0.15289975702762604 -0.15904001891613007 0.9820000529289246 0.14715129137039185 -0.19530202448368073 -0.38933461904525757 0.888043999671936 1.0 0.857453465461731 -1.0 1773825163264.0
0.15423372387886047 -0.16530078649520874 0.9884001016616821 -0.3086685538291931 -0.16721956431865692 -0.35955601930618286 0.8645697236061096 1.0 0.7841440439224243 -1.0 1773825163264.0
0.15709327161312103 -0.17425993084907532 1.016200065612793 -0.5259009003639221 0.22662225365638733 0.11369751393795013 0.8118765354156494 1.0 0.8926676511764526 -1.0 1773825163264.0
0.1601296067237854 -0.1750582605600357 1.0208001136779785 -0.4548827111721039 0.2432929426431656 0.2211427092552185 0.8276389241218567 1.0 0.9309770464897156 -1.0 1773825163264.0
0.16293935477733612 -0.17383646965026855 1.0256000757217407 -0.27260109782218933 0.07234782725572586 0.09218266606330872 0.954964280128479 1.0 0.8709309101104736 -1.0 1773825163264.0
0.16523972153663635 -0.17095713317394257 1.0328000783920288 -0.30019038915634155 0.37716010212898254 0.29983896017074585 0.8232452273368835 1.0 0.9293800592422485 -1.0 1773825163264.0
0.16709771752357483 -0.1677406281232834 1.0338000059127808 -0.272712767124176 0.3672253489494324 0.3622180223464966 0.8121400475502014 1.0 0.9464889168739319 -1.0 1773825163264.0
0.1673247218132019 -0.16619575023651123 1.0306000709533691 -0.24781343340873718 0.26196250319480896 0.33153510093688965 0.8718076944351196 1.0 0.9596061110496521 -1.0 1773825163264.0
0.16727544367313385 -0.16482463479042053 1.0284000635147095 -0.18441437184810638 0.28611424565315247 0.3463709056377411 0.874160885810852 1.0 0.9621959924697876 -1.0 1773825163264.0
0.16703888773918152 -0.16458579897880554 1.0288000106811523 -0.2770545780658722 0.2777666449546814 0.38291582465171814 0.8363384008407593 1.0 0.9567594528198242 -1.0 1773825163264.0
0.16685114800930023 -0.16577771306037903 1.0235999822616577 -0.23470889031887054 0.2735687494277954 0.37136590480804443 0.8556630611419678 1.0 0.9717748165130615 -1.0 1773825163264.0
0.16750875115394592 -0.1667957454919815 1.0257999897003174 -0.22075657546520233 0.30061769485473633 0.3704092502593994 0.8507012128829956 1.0 0.9609447717666626 -1.0 1773825163264.0
0.1674359142780304 -0.16772371530532837 1.0212000608444214 -0.19045038521289825 0.26957958936691284 0.34513458609580994 0.8785998225212097 1.0 0.9698234796524048 -1.0 1773825163264.0
0.1677785962820053 -0.16843190789222717 1.0232000350952148 -0.23943370580673218 0.29060742259025574 0.38309022784233093 0.8434813022613525 1.0 0.9579474925994873 -1.0 1773825163264.0
0.16858060657978058 -0.16891884803771973 1.0221999883651733 -0.21437932550907135 0.32263705134391785 0.3562280833721161 0.8503225445747375 1.0 0.961223304271698 -1.0 1773825163264.0
0.168633833527565 -0.16927552223205566 1.022400140762329 -0.18600499629974365 0.3080158829689026 0.34175950288772583 0.8681756258010864 1.0 0.9663180708885193 -1.0 1773825163264.0
0.16829954087734222 -0.16821996867656708 1.0180000066757202 -0.22177331149578094 0.24162639677524567 0.3519270718097687 0.8766872882843018 1.0 0.9648618102073669 -1.0 1773825163264.0
0.1687357872724533 -0.16865761578083038 1.0226000547409058 -0.24648630619049072 0.21620599925518036 0.36080458760261536 0.8731091022491455 1.0 0.9669649600982666 -1.0 1773825163264.0
0.16954371333122253 -0.16881948709487915 1.0216000080108643 -0.2301308959722519 0.2624644637107849 0.3513103127479553 0.8687538504600525 1.0 0.9672186374664307 -1.0 1773825163264.0
0.17019574344158173 -0.16918644309043884 1.0196000337600708 -0.26509910821914673 0.2841578722000122 0.3636234402656555 0.8466137051582336 1.0 0.9606297612190247 -1.0 1773825163264.0
0.1721295714378357 -0.1717694103717804 1.0272001028060913 -0.25834739208221436 0.2888486385345459 0.33942681550979614 0.8570954203605652 1.0 0.9587692618370056 -1.0 1773825163264.0
0.17178025841712952 -0.17076316475868225 1.0211999416351318 -0.2807529866695404 0.31218114495277405 0.3178810775279999 0.8501013517379761 1.0 0.9568716287612915 -1.0 1773825163264.0
0.17322972416877747 -0.17218534648418427 1.0216000080108643 -0.34576356410980225 0.25245964527130127 0.29448404908180237 0.8543950319290161 1.0 0.9523506760597229 -1.0 1773825163264.0
0.17422398924827576 -0.173222154378891 1.0197999477386475 -0.2969094514846802 0.3028489351272583 0.27343833446502686 0.8633416295051575 1.0 0.9442930817604065 -1.0 1773825163264.0
0.17553909122943878 -0.17524518072605133 1.0238001346588135 -0.3947056531906128 0.2966466546058655 0.30369800329208374 0.8148470520973206 1.0 0.9362657070159912 -1.0 1773825163264.0
0.17543554306030273 -0.17331524193286896 1.0146000385284424 -0.37544864416122437 0.15776287019252777 0.15866504609584808 0.8994301557540894 1.0 0.9108170866966248 -1.0 1773825163264.0
0.17520099878311157 -0.17479920387268066 1.0136001110076904 -0.3628241717815399 0.22260712087154388 0.17528334259986877 0.8877389430999756 1.0 0.8937351107597351 -1.0 1773825163264.0
0.17304375767707825 -0.17665070295333862 1.016800045967102 -0.5430625081062317 0.23319467902183533 0.1570505052804947 0.7912259697914124 1.0 0.7747344970703125 -1.0 1773825163264.0
0.17226585745811462 -0.1737816482782364 1.00600004196167 -0.10518904030323029 0.19488582015037537 -0.051220960915088654 0.9738230109214783 1.0 0.7459051609039307 -1.0 1773825163264.0
0.1735231578350067 -0.17670583724975586 1.0076000690460205 -0.2580607235431671 0.18521443009376526 -0.0682452842593193 0.9457498788833618 1.0 0.7921211123466492 -1.0 1773825163264.0
0.17104896903038025 -0.17785020172595978 1.0066001415252686 0.11499570310115814 0.11571886390447617 -0.18277235329151154 0.9695253968238831 1.0 0.7865289449691772 -1.0 1773825163264.0
0.17219878733158112 -0.1794603019952774 1.0120000839233398 -0.2495061606168747 0.22153058648109436 -0.15399232506752014 0.9300307631492615 1.0 0.84471595287323 -1.0 1773825163264.0
0.17103157937526703 -0.17959080636501312 1.007200002670288 -0.024227581918239594 0.1967071294784546 -0.22770088911056519 0.9533476233482361 1.0 0.8686083555221558 -1.0 1773825163264.0
0.17181727290153503 -0.18111899495124817 1.0099999904632568 -0.15331849455833435 0.18090061843395233 -0.2242843359708786 0.9452328085899353 1.0 0.8913469314575195 -1.0 1773825163264.0
0.17207805812358856 -0.18206827342510223 1.0097999572753906 -0.05106227844953537 0.24473196268081665 -0.19448871910572052 0.948511004447937 1.0 0.8668787479400635 -1.0 1773825163264.0
0.17213065922260284 -0.18282385170459747 1.0119999647140503 -0.2166483998298645 0.2255890965461731 -0.15642161667346954 0.9368592500686646 1.0 0.8744088411331177 -1.0 1773825163264.0
0.17213945090770721 -0.18289566040039062 1.01419997215271 -0.25616174936294556 0.2602846622467041 -0.1314130425453186 0.9216092824935913 1.0 0.8698550462722778 -1.0 1773825163264.0
0.1719691902399063 -0.1833173930644989 1.0110000371932983 -0.2048376500606537 0.21204139292240143 -0.14737144112586975 0.9441195130348206 1.0 0.8719413876533508 -1.0 1773825163264.0
0.17228759825229645 -0.18263565003871918 1.0127999782562256 -0.14542421698570251 0.21281851828098297 -0.1731077879667282 0.9505755305290222 1.0 0.8826906681060791 -1.0 1773825163264.0
0.1716243177652359 -0.18228881061077118 1.0108000040054321 -0.2453353852033615 0.1905628740787506 -0.16879892349243164 0.9354161024093628 1.0 0.8967562913894653 -1.0 1773825163264.0
0.1721482127904892 -0.1828324943780899 1.0138001441955566 -0.25305020809173584 0.18156810104846954 -0.17211979627609253 0.9345445036888123 1.0 0.8969889879226685 -1.0 1773825163264.0
0.1702675074338913 -0.180961474776268 1.0127999782562256 -0.15548136830329895 0.2542971670627594 -0.15471531450748444 0.9419244527816772 1.0 0.8840551376342773 -1.0 1773825163264.0
0.16822727024555206 -0.17788133025169373 1.0102001428604126 -0.2476605921983719 0.15080364048480988 -0.2277441769838333 0.9295456409454346 1.0 0.9218725562095642 -1.0 1773825163264.0
0.166824072599411 -0.17487382888793945 1.01419997215271 -0.16612908244132996 0.25029081106185913 -0.2463863343000412 0.9214388132095337 1.0 0.9107003211975098 -1.0 1773825163264.0
0.16454444825649261 -0.1699608415365219 1.0118000507354736 -0.3414338529109955 -0.06025320664048195 -0.5000852942466736 0.7935410141944885 1.0 0.9373485445976257 -1.0 1773825163264.0
0.16085930168628693 -0.16151031851768494 1.0032000541687012 0.0014430297305807471 -0.30330735445022583 -0.48214492201805115 0.8219116926193237 1.0 0.9143728613853455 -1.0 1773825163264.0
0.16806116700172424 -0.1522153913974762 1.0085999965667725 0.41769275069236755 -0.102757528424263 -0.7279594540596008 0.5338996648788452 1.0 0.9446529150009155 -1.0 1773825163264.0
0.17043539881706238 -0.15252330899238586 1.0196001529693604 0.3477805256843567 -0.0019237939268350601 -0.7731217741966248 0.5304034948348999 1.0 0.9606152772903442 -1.0 1773825163264.0
0.17286711931228638 -0.15421846508979797 1.0220000743865967 0.32926058769226074 -0.01148474682122469 -0.780082643032074 0.5319085717201233 1.0 0.9601447582244873 -1.0 1773825163264.0
0.1722947210073471 -0.15568868815898895 1.0225999355316162 0.280701607465744 0.00038787396624684334 -0.7907590270042419 0.5439730882644653 1.0 0.9663019180297852 -1.0 1773825163264.0
0.17183330655097961 -0.15790022909641266 1.0238001346588135 0.272058367729187 -0.012012218125164509 -0.8005377650260925 0.5338344573974609 1.0 0.9699042439460754 -1.0 1773825163264.0
0.1719685047864914 -0.159031480550766 1.0225999355316162 0.2724081873893738 0.03894655033946037 -0.817389726638794 0.5061137080192566 1.0 0.9710748791694641 -1.0 1773825163264.0
0.1721053272485733 -0.16088436543941498 1.0256000757217407 0.21376442909240723 0.007509919349104166 -0.8254658579826355 0.5223548412322998 1.0 0.9725319147109985 -1.0 1773825163264.0
0.1714160144329071 -0.16157245635986328 1.0236001014709473 0.18944011628627777 0.0372154675424099 -0.821566641330719 0.5364286303520203 1.0 0.9732629656791687 -1.0 1773825163264.0
0.17044687271118164 -0.16161492466926575 1.0238001346588135 0.19830408692359924 0.013673068024218082 -0.812798798084259 0.5475826263427734 1.0 0.9730885028839111 -1.0 1773825163264.0
0.17011472582817078 -0.1619413197040558 1.0238001346588135 0.2103908360004425 0.03132178634405136 -0.8251481056213379 0.5233405828475952 1.0 0.9722709059715271 -1.0 1773825163264.0
0.17054863274097443 -0.16303570568561554 1.0244001150131226 0.23353567719459534 0.051984891295433044 -0.8160243034362793 0.5261778235435486 1.0 0.9715986847877502 -1.0 1773825163264.0
0.17039373517036438 -0.162870854139328 1.023400068283081 0.2419324815273285 0.044362109154462814 -0.8139482140541077 0.526297390460968 1.0 0.9724653959274292 -1.0 1773825163264.0
0.1712171733379364 -0.163728728890419 1.024399995803833 0.20799309015274048 0.02473265677690506 -0.8160529136657715 0.5386881828308105 1.0 0.9735580682754517 -1.0 1773825163264.0
0.1719834953546524 -0.1648547649383545 1.0250000953674316 0.18216168880462646 -0.023862002417445183 -0.8006970286369324 0.5702035427093506 1.0 0.9696301221847534 -1.0 1773825163264.0
0.17326094210147858 -0.16472341120243073 1.0244001150131226 0.2489168345928192 0.025545945391058922 -0.8057538270950317 0.5367947220802307 1.0 0.974397599697113 -1.0 1773825163264.0
0.17357660830020905 -0.1653880774974823 1.022400140762329 0.25175637006759644 0.0798889771103859 -0.8057236075401306 0.5301376581192017 1.0 0.9704667925834656 -1.0 1773825163264.0
0.17507974803447723 -0.1658974587917328 1.023400068283081 0.22176948189735413 0.06589367240667343 -0.8037171959877014 0.54819256067276 1.0 0.9724226593971252 -1.0 1773825163264.0
0.175155907869339 -0.16700643301010132 1.0218000411987305 0.22071246802806854 0.029978103935718536 -0.8073582649230957 0.5464063882827759 1.0 0.9683396816253662 -1.0 1773825163264.0
0.1760762333869934 -0.1675737053155899 1.0232000350952148 0.230429545044899 0.028887931257486343 -0.7956117391586304 0.5595263242721558 1.0 0.9708722829818726 -1.0 1773825163264.0
0.17723704874515533 -0.16772106289863586 1.0242000818252563 0.2050975263118744 0.05898850038647652 -0.8036644458770752 0.5554987788200378 1.0 0.9708787798881531 -1.0 1773825163264.0
0.17764928936958313 -0.1677931547164917 1.0225999355316162 0.24392057955265045 0.04025931656360626 -0.7963080406188965 0.5520647764205933 1.0 0.9707809090614319 -1.0 1773825163264.0
0.1795664280653 -0.1690109670162201 1.0238001346588135 0.26846447587013245 0.03096850775182247 -0.7998761534690857 0.5358787775039673 1.0 0.9689058065414429 -1.0 1773825163264.0
0.1810714304447174 -0.16921037435531616 1.0230000019073486 0.2283800095319748 0.062491536140441895 -0.795339822769165 0.5580071210861206 1.0 0.9704983234405518 -1.0 1773825163264.0
0.18305224180221558 -0.16980460286140442 1.0246000289916992 0.23896585404872894 0.04718920215964317 -0.7966011762619019 0.5532585978507996 1.0 0.9707205891609192 -1.0 1773825163264.0
0.18340212106704712 -0.17083029448986053 1.0226000547409058 0.259706974029541 0.025751758366823196 -0.7879695892333984 0.5576674938201904 1.0 0.9671980738639832 -1.0 1773825163264.0
0.18522194027900696 -0.1726914346218109 1.0235999822616577 0.21648144721984863 0.053670961409807205 -0.7855213284492493 0.5772446990013123 1.0 0.9669283032417297 -1.0 1773825163264.0
0.1882648766040802 -0.1750297099351883 1.0254000425338745 0.24504846334457397 0.005013428628444672 -0.7765339016914368 0.5804491639137268 1.0 0.9689047336578369 -1.0 1773825163264.0
0.1894436627626419 -0.1765165627002716 1.0226000547409058 0.295293390750885 0.08445759862661362 -0.7772407531738281 0.5491498112678528 1.0 0.9662408828735352 -1.0 1773825163264.0
0.19177719950675964 -0.17887723445892334 1.0224000215530396 0.27966031432151794 0.027921978384256363 -0.7693125605583191 0.5737322568893433 1.0 0.9687193632125854 -1.0 1773825163264.0
0.19297727942466736 -0.18009139597415924 1.019800066947937 0.3020850121974945 0.027201345190405846 -0.7711379528045654 0.5597777366638184 1.0 0.9645404815673828 -1.0 1773825163264.0
0.19561412930488586 -0.18211154639720917 1.023400068283081 0.21281956136226654 0.022356849163770676 -0.7646090388298035 0.6079317927360535 1.0 0.9626058340072632 -1.0 1773825163264.0
0.19706939160823822 -0.1825518161058426 1.0220000743865967 0.24234981834888458 -0.03037312813103199 -0.7635159492492676 0.5978189706802368 1.0 0.964192271232605 -1.0 1773825163264.0
0.19903364777565002 -0.18280740082263947 1.021799921989441 0.28001073002815247 0.03609218820929527 -0.7587161660194397 0.5870614647865295 1.0 0.9661095142364502 -1.0 1773825163264.0
0.20052270591259003 -0.18195125460624695 1.0206000804901123 0.28046655654907227 -0.010766156017780304 -0.7574971914291382 0.5894240140914917 1.0 0.965412974357605 -1.0 1773825163264.0
0.20416899025440216 -0.18352976441383362 1.023800015449524 0.2705829441547394 -0.0240684375166893 -0.7549983859062195 0.5968108177185059 1.0 0.967010498046875 -1.0 1773825163264.0
0.20632079243659973 -0.1832829713821411 1.024399995803833 0.28345787525177 0.0026642370503395796 -0.7586598992347717 0.586583137512207 1.0 0.9677610397338867 -1.0 1773825163264.0
0.20744428038597107 -0.1830720603466034 1.0250000953674316 0.2679150402545929 0.009873135946691036 -0.7468301057815552 0.6085794568061829 1.0 0.9677399396896362 -1.0 1773825163264.0
0.2079896628856659 -0.18228068947792053 1.024399995803833 0.2679365277290344 0.0032803420908749104 -0.7583391070365906 0.5942399501800537 1.0 0.9621225595474243 -1.0 1773825163264.0
0.21030521392822266 -0.1831846982240677 1.0274001359939575 0.24917994439601898 -0.04927971586585045 -0.7511981725692749 0.6092472672462463 1.0 0.9663794636726379 -1.0 1773825163264.0
0.21023884415626526 -0.18278485536575317 1.0272001028060913 0.25450193881988525 -0.010305697098374367 -0.7562716007232666 0.6026407480239868 1.0 0.966456413269043 -1.0 1773825163264.0
0.21038183569908142 -0.18262824416160583 1.0262000560760498 0.24285881221294403 -0.035130713135004044 -0.7403184175491333 0.6258706450462341 1.0 0.967218279838562 -1.0 1773825163264.0
0.21003368496894836 -0.1825854480266571 1.0260001420974731 0.271238774061203 -0.046304233372211456 -0.7537897229194641 0.5967299342155457 1.0 0.9643599987030029 -1.0 1773825163264.0
0.21039512753486633 -0.18295900523662567 1.0280001163482666 0.20574454963207245 -0.04314577206969261 -0.7477479577064514 0.6298258900642395 1.0 0.9716030955314636 -1.0 1773825163264.0
0.20942123234272003 -0.18298424780368805 1.0263999700546265 0.2528647482395172 0.01664634980261326 -0.7693090438842773 0.5864691138267517 1.0 0.9696118831634521 -1.0 1773825163264.0
0.20860178768634796 -0.18386387825012207 1.027400016784668 0.21925224363803864 -0.04973312467336655 -0.7471492886543274 0.6254782676696777 1.0 0.9693463444709778 -1.0 1773825163264.0
0.20792171359062195 -0.1838279515504837 1.027400016784668 0.26023152470588684 0.023473672568798065 -0.746442973613739 0.6120060682296753 1.0 0.9696483016014099 -1.0 1773825163264.0
0.20667369663715363 -0.18433237075805664 1.026400089263916 0.22459252178668976 0.04278283193707466 -0.7558814883232117 0.6134909391403198 1.0 0.9680339694023132 -1.0 1773825163264.0
0.20479562878608704 -0.1845097541809082 1.025399923324585 0.2232540100812912 -0.016728779301047325 -0.7521764636039734 0.6197647452354431 1.0 0.9704610109329224 -1.0 1773825163264.0
0.20310798287391663 -0.1845097541809082 1.025399923324585 0.22337448596954346 -0.016791721805930138 -0.7520057559013367 0.6199268102645874 1.0 0.967174232006073 -1.0 1773825163264.0
0.20056574046611786 -0.18428364396095276 1.0242000818252563 0.2712540626525879 -0.006138270255178213 -0.7684789896011353 0.5795029401779175 1.0 0.9653692841529846 -1.0 1773825163264.0
0.1983642280101776 -0.18376311659812927 1.027000069618225 0.2365378737449646 0.018891189247369766 -0.7543335556983948 0.6121061444282532 1.0 0.9694133996963501 -1.0 1773825163264.0
0.19464322924613953 -0.18278947472572327 1.0252001285552979 0.22863151133060455 -0.022859180346131325 -0.7509763836860657 0.6190635561943054 1.0 0.9712811708450317 -1.0 1773825163264.0
0.1921571046113968 -0.18231233954429626 1.0263999700546265 0.20655038952827454 0.021664129570126534 -0.7625079154968262 0.6127391457557678 1.0 0.9739189147949219 -1.0 1773825163264.0
0.18799476325511932 -0.18117639422416687 1.025800108909607 0.23650920391082764 0.03270697593688965 -0.7768059968948364 0.5827230215072632 1.0 0.9699472784996033 -1.0 1773825163264.0
0.18467973172664642 -0.17924582958221436 1.0244001150131226 0.20265665650367737 0.046361710876226425 -0.774104118347168 0.5979495644569397 1.0 0.9700387120246887 -1.0 1773825163264.0
0.18089428544044495 -0.17883192002773285 1.0257999897003174 0.19229617714881897 0.009387487545609474 -0.759597897529602 0.6212448477745056 1.0 0.9756379127502441 -1.0 1773825163264.0
0.1766585111618042 -0.17792534828186035 1.0246000289916992 0.24654486775398254 0.020379630848765373 -0.7757353782653809 0.5805470943450928 1.0 0.9663301706314087 -1.0 1773825163264.0
0.17251791059970856 -0.17717483639717102 1.0260000228881836 0.21335673332214355 -0.0009551731054671109 -0.7597302198410034 0.6142378449440002 1.0 0.9702286720275879 -1.0 1773825163264.0
0.16882486641407013 -0.17585663497447968 1.0242000818252563 0.20142826437950134 0.006855633109807968 -0.7601498961448669 0.6176987886428833 1.0 0.9734845757484436 -1.0 1773825163264.0
0.1652473509311676 -0.17501786351203918 1.0271999835968018 0.17626798152923584 0.03295654430985451 -0.7701570987701416 0.6121286749839783 1.0 0.978304922580719 -1.0 1773825163264.0
0.1610201895236969 -0.1733843833208084 1.023800015449524 0.23908844590187073 0.06629147380590439 -0.7710824608802795 0.5864077806472778 1.0 0.9682444334030151 -1.0 1773825163264.0
0.157600998878479 -0.1726595014333725 1.023400068283081 0.24572156369686127 0.05392597243189812 -0.7729122042655945 0.5825114846229553 1.0 0.9741825461387634 -1.0 1773825163264.0
0.15412333607673645 -0.1725120097398758 1.022800087928772 0.27414271235466003 0.13050204515457153 -0.766504168510437 0.5659385323524475 1.0 0.963577389717102 -1.0 1773825163264.0
0.15114647150039673 -0.17124880850315094 1.0232000350952148 0.23965148627758026 0.09494738280773163 -0.7675938010215759 0.5868151783943176 1.0 0.9742746353149414 -1.0 1773825163264.0
0.14835025370121002 -0.17047429084777832 1.022400140762329 0.2231675684452057 0.04773186892271042 -0.7814905047416687 0.5806811451911926 1.0 0.9730440378189087 -1.0 1773825163264.0
0.14483655989170074 -0.16960816085338593 1.0214000940322876 0.2331770807504654 0.05490995943546295 -0.7793713808059692 0.5789591073989868 1.0 0.966305136680603 -1.0 1773825163264.0
0.1429334282875061 -0.16937462985515594 1.0197999477386475 0.20388944447040558 0.002617152640596032 -0.7781058549880981 0.5941158533096313 1.0 0.973861038684845 -1.0 1773825163264.0
0.14115269482135773 -0.1685710996389389 1.0190000534057617 0.22152556478977203 0.01952696032822132 -0.780937135219574 0.5836799740791321 1.0 0.9741925597190857 -1.0 1773825163264.0
0.13899163901805878 -0.16835522651672363 1.0178000926971436 0.2412126064300537 0.05035912245512009 -0.7910171151161194 0.5599753260612488 1.0 0.968463659286499 -1.0 1773825163264.0
0.1376752108335495 -0.16736309230327606 1.0180000066757202 0.2533510625362396 0.044094596058130264 -0.7795556783676147 0.5711057782173157 1.0 0.969695508480072 -1.0 1773825163264.0
0.13555698096752167 -0.1669340431690216 1.0174000263214111 0.22798123955726624 0.04280603677034378 -0.7884225845336914 0.5697211027145386 1.0 0.9684309363365173 -1.0 1773825163264.0
0.13567322492599487 -0.16633708775043488 1.0180001258850098 0.28096339106559753 0.08298413455486298 -0.7888185977935791 0.5403133034706116 1.0 0.9649320244789124 -1.0 1773825163264.0
0.13402071595191956 -0.16542938351631165 1.0182000398635864 0.21070070564746857 -0.02717321366071701 -0.7863646745681763 0.5800840258598328 1.0 0.9727213978767395 -1.0 1773825163264.0
0.13372261822223663 -0.16440223157405853 1.0186001062393188 0.270733118057251 0.09826351702213287 -0.7847505211830139 0.5488300919532776 1.0 0.9667908549308777 -1.0 1773825163264.0
0.13319483399391174 -0.16311636567115784 1.016800045967102 0.2945251762866974 0.08337937295436859 -0.7974551320075989 0.5199694633483887 1.0 0.9595932364463806 -1.0 1773825163264.0
0.1339704394340515 -0.1623556911945343 1.0180000066757202 0.21403811872005463 0.0308246873319149 -0.7879491448402405 0.5765185952186584 1.0 0.9711558818817139 -1.0 1773825163264.0
0.1338788866996765 -0.16191411018371582 1.0174000263214111 0.20770017802715302 0.055025141686201096 -0.7869970202445984 0.5783325433731079 1.0 0.9696962833404541 -1.0 1773825163264.0
0.13445448875427246 -0.16179683804512024 1.0190000534057617 0.2890269458293915 0.07643665373325348 -0.779597818851471 0.5503163933753967 1.0 0.9614296555519104 -1.0 1773825163264.0
0.13571681082248688 -0.16173012554645538 1.018399953842163 0.24640360474586487 0.05757717788219452 -0.7901396155357361 0.5582559108734131 1.0 0.9677674770355225 -1.0 1773825163264.0
0.13633599877357483 -0.161638081073761 1.0156000852584839 0.21984562277793884 0.007540478371083736 -0.788479745388031 0.5743786096572876 1.0 0.9662932753562927 -1.0 1773825163264.0
0.13589823246002197 -0.16024254262447357 1.0094001293182373 0.3434917628765106 0.07606124132871628 -0.7698923945426941 0.5324413776397705 1.0 0.9564630389213562 -1.0 1773825163264.0
0.135237455368042 -0.15808314085006714 1.0022001266479492 0.3912182152271271 0.10399504750967026 -0.7404820919036865 0.5364883542060852 1.0 0.9334928393363953 -1.0 1773825163264.0
0.13533765077590942 -0.1577507108449936 0.9876000285148621 0.3214479088783264 0.2031039297580719 -0.6616930365562439 0.6462061405181885 1.0 0.949674129486084 -1.0 1773825163264.0
0.13719722628593445 -0.1591194123029709 0.9792000651359558 0.2823968529701233 -0.014040426351130009 -0.601703941822052 0.7469988465309143 1.0 0.9542784690856934 -1.0 1773825163264.0
0.14091385900974274 -0.16013827919960022 0.9710000157356262 0.04281042516231537 -0.15932205319404602 -0.5322160124778748 0.8303793668746948 1.0 0.9129687547683716 -1.0 1773825163264.0
0.14494431018829346 -0.15931634604930878 0.968000054359436 0.10853127390146255 -0.17285794019699097 -0.5337191224098206 0.8206613063812256 1.0 0.9191446304321289 -1.0 1773825163264.0
0.14750322699546814 -0.16021345555782318 0.9660000801086426 0.2580888569355011 -0.12381511926651001 -0.5707501173019409 0.7696131467819214 1.0 0.9410661458969116 -1.0 1773825163264.0
0.14839906990528107 -0.16047866642475128 0.9656000137329102 0.24263222515583038 -0.12581682205200195 -0.5587151646614075 0.7830307483673096 1.0 0.9413719773292542 -1.0 1773825163264.0
0.1495397984981537 -0.16001775860786438 0.9645999670028687 0.20007437467575073 -0.17920991778373718 -0.5325981378555298 0.802616536617279 1.0 0.9327417612075806 -1.0 1773825163264.0
0.14956076443195343 -0.15907606482505798 0.9648000597953796 0.2389945685863495 -0.13758955895900726 -0.5548811554908752 0.7848933935165405 1.0 0.9450554251670837 -1.0 1773825163264.0
0.15027838945388794 -0.15885630249977112 0.9654000401496887 0.23914866149425507 -0.14378391206264496 -0.5690369606018066 0.7735186219215393 1.0 0.9442456960678101 -1.0 1773825163264.0
0.15085726976394653 -0.1587977409362793 0.9670001268386841 0.2360459864139557 -0.14150169491767883 -0.569608747959137 0.77447110414505 1.0 0.9477407932281494 -1.0 1773825163264.0
0.1508753001689911 -0.15883822739124298 0.9672001004219055 0.2037198841571808 -0.15515084564685822 -0.5474514365196228 0.7966952919960022 1.0 0.9381495714187622 -1.0 1773825163264.0
0.15143509209156036 -0.16040177643299103 0.9688000679016113 0.055862851440906525 -0.1516295224428177 -0.5395935773849487 0.82627272605896 1.0 0.9328978061676025 -1.0 1773825163264.0
0.15192794799804688 -0.16088931262493134 0.9720001220703125 0.19217835366725922 -0.1166224479675293 -0.5526965260505676 0.8024919033050537 1.0 0.9412364363670349 -1.0 1773825163264.0
0.15370626747608185 -0.1643112450838089 0.971000075340271 -0.04326304420828819 -0.19242118299007416 -0.5390143394470215 0.8188809156417847 1.0 0.9533065557479858 -1.0 1773825163264.0
0.14727194607257843 -0.17231038212776184 0.9896000027656555 -0.18530336022377014 0.053707305341959 -0.5395494699478149 0.8195515275001526 1.0 0.9559056758880615 -1.0 1773825163264.0
0.1491435468196869 -0.1772613376379013 0.9958000183105469 -0.030378123745322227 0.19741930067539215 -0.5245221257209778 0.8276348114013672 1.0 0.9525266885757446 -1.0 1773825163264.0
0.15244430303573608 -0.18311423063278198 0.995400071144104 0.008872550912201405 0.05901844799518585 -0.5193124413490295 0.852497935295105 1.0 0.9526668787002563 -1.0 1773825163264.0
0.14976541697978973 -0.18370722234249115 0.9868000149726868 0.1624641716480255 0.28811144828796387 -0.4651179015636444 0.8211349248886108 1.0 0.9596530199050903 -1.0 1773825163264.0
0.150742769241333 -0.18521209061145782 0.9894000887870789 0.03623811528086662 0.3365370035171509 -0.43271514773368835 0.835576057434082 1.0 0.9616153836250305 -1.0 1773825163264.0
0.15047910809516907 -0.18353766202926636 0.9812000393867493 0.248460054397583 0.3871593773365021 -0.449733704328537 0.7655813694000244 1.0 0.9419142007827759 -1.0 1773825163264.0
0.15190112590789795 -0.18715748190879822 0.9928000569343567 0.020077478140592575 0.3275042474269867 -0.4205164611339569 0.845874547958374 1.0 0.9735334515571594 -1.0 1773825163264.0
0.1525900661945343 -0.18687328696250916 0.9928000569343567 0.003254106966778636 0.22094789147377014 -0.4412216246128082 0.8697671890258789 1.0 0.9432458877563477 -1.0 1773825163264.0
0.15113389492034912 -0.1844482123851776 0.9804000854492188 0.16754256188869476 0.29603075981140137 -0.472062885761261 0.8132969737052917 1.0 0.9391165375709534 -1.0 1773825163264.0
0.15234336256980896 -0.18574798107147217 0.9890000224113464 0.09879706054925919 0.3250041902065277 -0.45672518014907837 0.8222004175186157 1.0 0.9666403532028198 -1.0 1773825163264.0
0.15293791890144348 -0.18592232465744019 0.9902000427246094 0.18579719960689545 0.283806174993515 -0.493007093667984 0.8011726140975952 1.0 0.9620351791381836 -1.0 1773825163264.0
0.1536695510149002 -0.18404193222522736 0.9986000061035156 -0.00485949544236064 0.027277152985334396 -0.5512396693229675 0.8338868021965027 1.0 0.9369217157363892 -1.0 1773825163264.0
0.1516312211751938 -0.17498737573623657 0.9900000691413879 0.09502417594194412 -0.2574971914291382 -0.5744569897651672 0.7711451053619385 1.0 0.9409714937210083 -1.0 1773825163264.0
0.15661534667015076 -0.16418159008026123 0.9930001497268677 0.4300383925437927 -0.007841192185878754 -0.7401946783065796 0.5168339610099792 1.0 0.9292517900466919 -1.0 1773825163264.0
0.16283437609672546 -0.16766716539859772 1.0078001022338867 0.3095763921737671 0.049687474966049194 -0.7854698896408081 0.5336015820503235 1.0 0.9635252952575684 -1.0 1773825163264.0
0.1629243791103363 -0.1683969795703888 1.0082000494003296 -0.29349443316459656 -0.09100183844566345 0.8105325698852539 -0.4986148178577423 1.0 0.9630405902862549 -1.0 1773825163264.0
0.1625305861234665 -0.16997306048870087 1.0097999572753906 -0.29896116256713867 -0.10208839923143387 0.8145767450332642 -0.486482173204422 1.0 0.9608731269836426 -1.0 1773825163264.0
0.1638403832912445 -0.17271776497364044 1.013800024986267 0.24914394319057465 0.03701382502913475 -0.8201363682746887 0.5137447118759155 1.0 0.9734431505203247 -1.0 1773825163264.0
0.16331550478935242 -0.17387036979198456 1.0127999782562256 -0.2416338473558426 -0.052008289843797684 0.8302702903747559 -0.4995593726634979 1.0 0.9742313027381897 -1.0 1773825163264.0
0.16333189606666565 -0.17358215153217316 1.0150001049041748 0.2339639514684677 0.05238347128033638 -0.8273236751556396 0.5079886317253113 1.0 0.9788957238197327 -1.0 1773825163264.0
0.1637352555990219 -0.17328068614006042 1.0154000520706177 -0.2680192291736603 -0.10837137699127197 0.8167035579681396 -0.49941638112068176 1.0 0.97069251537323 -1.0 1773825163264.0
0.16438646614551544 -0.1732916235923767 1.015200138092041 0.24909520149230957 0.030948689207434654 -0.8230324983596802 0.5095207095146179 1.0 0.9723754525184631 -1.0 1773825163264.0
0.16523019969463348 -0.1745011955499649 1.0184000730514526 0.25595879554748535 0.059292346239089966 -0.8132648468017578 0.5192010998725891 1.0 0.9761872291564941 -1.0 1773825163264.0
0.16686518490314484 -0.1744810789823532 1.018399953842163 0.2184535562992096 0.12613342702388763 -0.8144276738166809 0.5225667953491211 1.0 0.9694710969924927 -1.0 1773825163264.0
0.16811969876289368 -0.17537450790405273 1.0176000595092773 0.254321426153183 0.07377585023641586 -0.8150221109390259 0.5153802037239075 1.0 0.9756143093109131 -1.0 1773825163264.0
0.17060378193855286 -0.17725838720798492 1.0206000804901123 0.19636976718902588 0.05656900256872177 -0.824363112449646 0.527886688709259 1.0 0.9762031435966492 -1.0 1773825163264.0
0.17211951315402985 -0.17937080562114716 1.0194001197814941 0.24912281334400177 0.09384404867887497 -0.819693386554718 0.5071823596954346 1.0 0.9707083702087402 -1.0 1773825163264.0
0.17513394355773926 -0.1817864030599594 1.0216000080108643 0.20005583763122559 0.08433900773525238 -0.8287231922149658 0.5158318281173706 1.0 0.9745128154754639 -1.0 1773825163264.0
0.1782144159078598 -0.1839207410812378 1.0220000743865967 0.13404354453086853 0.046585455536842346 -0.8373213410377502 0.5279727578163147 1.0 0.9792925119400024 -1.0 1773825163264.0
0.1806640923023224 -0.18599924445152283 1.0206000804901123 -0.15426005423069 -0.09252378344535828 0.851007878780365 -0.49338504672050476 1.0 0.9765658974647522 -1.0 1773825163264.0
0.18355590105056763 -0.18761900067329407 1.02180016040802 0.09903072565793991 -0.009932023473083973 -0.8429464101791382 0.5287112593650818 1.0 0.9790889024734497 -1.0 1773825163264.0
0.18664869666099548 -0.18899111449718475 1.0240000486373901 0.14180251955986023 0.055923495441675186 -0.8296068906784058 0.5371378660202026 1.0 0.977592408657074 -1.0 1773825163264.0
0.1871492564678192 -0.18733106553554535 1.0112000703811646 0.22764673829078674 -0.05932721123099327 -0.8118070960044861 0.5344404578208923 1.0 0.9544774293899536 -1.0 1773825163264.0
0.18552206456661224 -0.19504007697105408 1.0060001611709595 0.085969939827919 -0.13065868616104126 -0.7132943272590637 0.683190107345581 1.0 0.9614308476448059 -1.0 1773825163264.0
0.18893925845623016 -0.20494821667671204 1.0126001834869385 0.06760887801647186 -0.03065352514386177 -0.7205802798271179 0.6893863081932068 1.0 0.9574121832847595 -1.0 1773825163264.0
0.1911240816116333 -0.2089756280183792 1.0149999856948853 0.20388205349445343 0.12556952238082886 -0.7448570728302002 0.6227779388427734 1.0 0.9139334559440613 -1.0 1773825163264.0
0.19267070293426514 -0.21122822165489197 1.0146000385284424 0.19645953178405762 0.1255459040403366 -0.7341405749320984 0.6377143263816833 1.0 0.906580924987793 -1.0 1773825163264.0
0.192128986120224 -0.21133053302764893 1.0059000253677368 0.2882629930973053 0.029768280684947968 -0.7252148985862732 0.6245651841163635 1.0 0.8844267725944519 -1.0 1773825163264.0
0.19399143755435944 -0.21325473487377167 1.0130000114440918 0.1556658297777176 0.11289627104997635 -0.7116274237632751 0.6757284998893738 1.0 0.9056099057197571 -1.0 1773825163264.0
0.19355449080467224 -0.21249592304229736 1.012600064277649 0.14953002333641052 0.14481325447559357 -0.7080209851264954 0.6748156547546387 1.0 0.912316083908081 -1.0 1773825163264.0
0.19243326783180237 -0.20780305564403534 1.004600167274475 0.2077760249376297 0.15552407503128052 -0.7220252752304077 0.6413430571556091 1.0 0.9136190414428711 -1.0 1773825163264.0
0.1909407675266266 -0.20274770259857178 1.002000093460083 0.11170071363449097 0.09337379038333893 -0.7494760155677795 0.6458250284194946 1.0 0.9036582708358765 -1.0 1773825163264.0
0.19085291028022766 -0.1936153620481491 0.9904000163078308 0.16565574705600739 -0.16098365187644958 -0.7334257364273071 0.6393193006515503 1.0 0.9488247632980347 -1.0 1773825163264.0
0.18812422454357147 -0.18068371713161469 0.9894000291824341 0.22429890930652618 -0.20213836431503296 -0.7026167511940002 0.6443289518356323 1.0 0.9722099304199219 -1.0 1773825163264.0
0.19322560727596283 -0.17684543132781982 1.0052001476287842 0.3028046786785126 0.03961483761668205 -0.7806903719902039 0.5452179908752441 1.0 0.9543635845184326 -1.0 1773825163264.0
0.190518319606781 -0.16981494426727295 1.0084000825881958 0.2674309015274048 -0.045311812311410904 -0.7610903978347778 0.5892104506492615 1.0 0.9667330980300903 -1.0 1773825163264.0
0.18764571845531464 -0.16753752529621124 1.0090000629425049 0.31190916895866394 0.05697159469127655 -0.7890774011611938 0.5261405110359192 1.0 0.9639984369277954 -1.0 1773825163264.0
0.18418581783771515 -0.16573956608772278 1.0083999633789062 0.3148021996021271 0.10502157360315323 -0.7847265005111694 0.5235211253166199 1.0 0.9602601528167725 -1.0 1773825163264.0
0.18225371837615967 -0.16476702690124512 1.0102001428604126 0.32695692777633667 0.006780978757888079 -0.7894269824028015 0.5194788575172424 1.0 0.9637473821640015 -1.0 1773825163264.0
0.18045654892921448 -0.16460244357585907 1.0114001035690308 -0.33537396788597107 -0.024370413273572922 0.7985548377037048 -0.49924004077911377 1.0 0.9634072184562683 -1.0 1773825163264.0
0.17956125736236572 -0.16302894055843353 1.0120000839233398 0.33022990822792053 0.0425010584294796 -0.7887784242630005 0.5166919827461243 1.0 0.9654973745346069 -1.0 1773825163264.0
0.17818234860897064 -0.16170255839824677 1.0099999904632568 0.3147099018096924 0.05727698653936386 -0.7964920401573181 0.5131057500839233 1.0 0.9589929580688477 -1.0 1773825163264.0
0.17823098599910736 -0.16043515503406525 1.0102001428604126 0.32221344113349915 0.01605040766298771 -0.7997571229934692 0.5062702298164368 1.0 0.9639353156089783 -1.0 1773825163264.0
0.17897701263427734 -0.15886007249355316 1.010599970817566 0.3088906407356262 -0.027338163927197456 -0.7881021499633789 0.5317275524139404 1.0 0.9662453532218933 -1.0 1773825163264.0
0.1806190013885498 -0.15746650099754333 1.0124000310897827 0.3172834515571594 -0.026376938447356224 -0.7887883186340332 0.5257836580276489 1.0 0.9637770056724548 -1.0 1773825163264.0
0.1810852587223053 -0.15664294362068176 1.0113999843597412 0.29463887214660645 -0.03267029672861099 -0.785307765007019 0.5435184836387634 1.0 0.965833842754364 -1.0 1773825163264.0
0.18105556070804596 -0.15583927929401398 1.0150001049041748 0.3086279630661011 -0.00033968122443184257 -0.7896105647087097 0.5303431153297424 1.0 0.9645820260047913 -1.0 1773825163264.0
0.18024517595767975 -0.15508617460727692 1.012200117111206 0.29709523916244507 -0.0013209228636696935 -0.7967302203178406 0.526263952255249 1.0 0.9648072123527527 -1.0 1773825163264.0
0.18045493960380554 -0.15561361610889435 1.0134000778198242 0.277451753616333 -0.006428340449929237 -0.7977390885353088 0.5353424549102783 1.0 0.969618558883667 -1.0 1773825163264.0
0.1798677146434784 -0.15498007833957672 1.0140000581741333 0.29080361127853394 0.06299994885921478 -0.7952892184257507 0.5281850099563599 1.0 0.9563723206520081 -1.0 1773825163264.0
0.18047858774662018 -0.15329816937446594 1.0094001293182373 -0.3230343759059906 -0.0028279563412070274 0.8086745142936707 -0.49161604046821594 1.0 0.9451007843017578 -1.0 1773825163264.0
0.1773943156003952 -0.150525763630867 0.9916000366210938 0.07965820282697678 -0.2542371451854706 -0.7406476140022278 0.6168137788772583 1.0 0.96528160572052 -1.0 1773825163264.0
0.18603859841823578 -0.16707134246826172 1.0120000839233398 -0.17457416653633118 0.254836767911911 -0.7099380493164062 0.6329060196876526 1.0 0.9463257193565369 -1.0 1773825163264.0
-1.0 -1.0 -1.0 -1.0 -1.0 -1.0 -1.0 0.0 0.0 0.0 1773825163264.0
-1.0 -1.0 -1.0 -1.0 -1.0 -1.0 -1.0 0.0 0.0 0.0 1773825163264.0
-1.0 -1.0 -1.0 -1.0 -1.0 -1.0 -1.0 0.0 0.0 0.0 1773825163264.0
0.4310210347175598 -0.19450964033603668 0.9869999885559082 -0.5620690584182739 0.10374393314123154 -0.5763134956359863 0.5841048955917358 1.0 0.8899333477020264 -1.0 1773825163264.0
-1.0 -1.0 -1.0 -1.0 -1.0 -1.0 -1.0 0.0 0.0 0.0 1773825163264.0
-1.0 -1.0 -1.0 -1.0 -1.0 -1.0 -1.0 0.0 0.0 0.0 1773825163264.0
-1.0 -1.0 -1.0 -1.0 -1.0 -1.0 -1.0 0.0 0.0 0.0 1773825163264.0
-1.0 -1.0 -1.0 -1.0 -1.0 -1.0 -1.0 0.0 0.0 0.0 1773825163264.0
-1.0 -1.0 -1.0 -1.0 -1.0 -1.0 -1.0 0.0 0.0 0.0 1773825163264.0
-1.0 -1.0 -1.0 -1.0 -1.0 -1.0 -1.0 0.0 0.0 0.0 1773825163264.0
-1.0 -1.0 -1.0 -1.0 -1.0 -1.0 -1.0 0.0 0.0 0.0 1773825163264.0
-1.0 -1.0 -1.0 -1.0 -1.0 -1.0 -1.0 0.0 0.0 0.0 1773825163264.0
-1.0 -1.0 -1.0 -1.0 -1.0 -1.0 -1.0 0.0 0.0 0.0 1773825163264.0
-1.0 -1.0 -1.0 -1.0 -1.0 -1.0 -1.0 0.0 0.0 0.0 1773825163264.0
-1.0 -1.0 -1.0 -1.0 -1.0 -1.0 -1.0 0.0 0.0 0.0 1773825163264.0
-1.0 -1.0 -1.0 -1.0 -1.0 -1.0 -1.0 0.0 0.0 0.0 1773825163264.0
-1.0 -1.0 -1.0 -1.0 -1.0 -1.0 -1.0 0.0 0.0 0.0 1773825163264.0
-1.0 -1.0 -1.0 -1.0 -1.0 -1.0 -1.0 0.0 0.0 0.0 1773825163264.0
-1.0 -1.0 -1.0 -1.0 -1.0 -1.0 -1.0 0.0 0.0 0.0 1773825163264.0
-1.0 -1.0 -1.0 -1.0 -1.0 -1.0 -1.0 0.0 0.0 0.0 1773825163264.0
-1.0 -1.0 -1.0 -1.0 -1.0 -1.0 -1.0 0.0 0.0 0.0 1773825163264.0
-1.0 -1.0 -1.0 -1.0 -1.0 -1.0 -1.0 0.0 0.0 0.0 1773825163264.0
-1.0 -1.0 -1.0 -1.0 -1.0 -1.0 -1.0 0.0 0.0 0.0 1773825163264.0
-1.0 -1.0 -1.0 -1.0 -1.0 -1.0 -1.0 0.0 0.0 0.0 1773825163264.0
-1.0 -1.0 -1.0 -1.0 -1.0 -1.0 -1.0 0.0 0.0 0.0 1773825163264.0
-1.0 -1.0 -1.0 -1.0 -1.0 -1.0 -1.0 0.0 0.0 0.0 1773825163264.0
-1.0 -1.0 -1.0 -1.0 -1.0 -1.0 -1.0 0.0 0.0 0.0 1773825163264.0
-1.0 -1.0 -1.0 -1.0 -1.0 -1.0 -1.0 0.0 0.0 0.0 1773825163264.0
-1.0 -1.0 -1.0 -1.0 -1.0 -1.0 -1.0 0.0 0.0 0.0 1773825163264.0
-1.0 -1.0 -1.0 -1.0 -1.0 -1.0 -1.0 0.0 0.0 0.0 1773825163264.0
-1.0 -1.0 -1.0 -1.0 -1.0 -1.0 -1.0 0.0 0.0 0.0 1773825163264.0
-1.0 -1.0 -1.0 -1.0 -1.0 -1.0 -1.0 0.0 0.0 0.0 1773825163264.0
-1.0 -1.0 -1.0 -1.0 -1.0 -1.0 -1.0 0.0 0.0 0.0 1773825163264.0
-1.0 -1.0 -1.0 -1.0 -1.0 -1.0 -1.0 0.0 0.0 0.0 1773825163264.0
-1.0 -1.0 -1.0 -1.0 -1.0 -1.0 -1.0 0.0 0.0 0.0 1773825163264.0
-1.0 -1.0 -1.0 -1.0 -1.0 -1.0 -1.0 0.0 0.0 0.0 1773825163264.0
-1.0 -1.0 -1.0 -1.0 -1.0 -1.0 -1.0 0.0 0.0 0.0 1773825163264.0
-1.0 -1.0 -1.0 -1.0 -1.0 -1.0 -1.0 0.0 0.0 0.0 1773825163264.0
-1.0 -1.0 -1.0 -1.0 -1.0 -1.0 -1.0 0.0 0.0 0.0 1773825163264.0
-1.0 -1.0 -1.0 -1.0 -1.0 -1.0 -1.0 0.0 0.0 0.0 1773825163264.0
-1.0 -1.0 -1.0 -1.0 -1.0 -1.0 -1.0 0.0 0.0 0.0 1773825163264.0
-1.0 -1.0 -1.0 -1.0 -1.0 -1.0 -1.0 0.0 0.0 0.0 1773825163264.0
-1.0 -1.0 -1.0 -1.0 -1.0 -1.0 -1.0 0.0 0.0 0.0 1773825163264.0
-1.0 -1.0 -1.0 -1.0 -1.0 -1.0 -1.0 0.0 0.0 0.0 1773825163264.0
-1.0 -1.0 -1.0 -1.0 -1.0 -1.0 -1.0 0.0 0.0 0.0 1773825163264.0
-1.0 -1.0 -1.0 -1.0 -1.0 -1.0 -1.0 0.0 0.0 0.0 1773825163264.0
-1.0 -1.0 -1.0 -1.0 -1.0 -1.0 -1.0 0.0 0.0 0.0 1773825163264.0
-1.0 -1.0 -1.0 -1.0 -1.0 -1.0 -1.0 0.0 0.0 0.0 1773825163264.0
-1.0 -1.0 -1.0 -1.0 -1.0 -1.0 -1.0 0.0 0.0 0.0 1773825163264.0
-1.0 -1.0 -1.0 -1.0 -1.0 -1.0 -1.0 0.0 0.0 0.0 1773825163264.0
-1.0 -1.0 -1.0 -1.0 -1.0 -1.0 -1.0 0.0 0.0 0.0 1773825163264.0
-1.0 -1.0 -1.0 -1.0 -1.0 -1.0 -1.0 0.0 0.0 0.0 1773825163264.0
-1.0 -1.0 -1.0 -1.0 -1.0 -1.0 -1.0 0.0 0.0 0.0 1773825163264.0
-1.0 -1.0 -1.0 -1.0 -1.0 -1.0 -1.0 0.0 0.0 0.0 1773825163264.0
-1.0 -1.0 -1.0 -1.0 -1.0 -1.0 -1.0 0.0 0.0 0.0 1773825163264.0
-1.0 -1.0 -1.0 -1.0 -1.0 -1.0 -1.0 0.0 0.0 0.0 1773825163264.0
-1.0 -1.0 -1.0 -1.0 -1.0 -1.0 -1.0 0.0 0.0 0.0 1773825163264.0
-1.0 -1.0 -1.0 -1.0 -1.0 -1.0 -1.0 0.0 0.0 0.0 1773825163264.0
-1.0 -1.0 -1.0 -1.0 -1.0 -1.0 -1.0 0.0 0.0 0.0 1773825163264.0
-1.0 -1.0 -1.0 -1.0 -1.0 -1.0 -1.0 0.0 0.0 0.0 1773825163264.0
-1.0 -1.0 -1.0 -1.0 -1.0 -1.0 -1.0 0.0 0.0 0.0 1773825163264.0
-1.0 -1.0 -1.0 -1.0 -1.0 -1.0 -1.0 0.0 0.0 0.0 1773825163264.0
-1.0 -1.0 -1.0 -1.0 -1.0 -1.0 -1.0 0.0 0.0 0.0 1773825163264.0
-1.0 -1.0 -1.0 -1.0 -1.0 -1.0 -1.0 0.0 0.0 0.0 1773825163264.0
-1.0 -1.0 -1.0 -1.0 -1.0 -1.0 -1.0 0.0 0.0 0.0 1773825163264.0
-1.0 -1.0 -1.0 -1.0 -1.0 -1.0 -1.0 0.0 0.0 0.0 1773825163264.0
-1.0 -1.0 -1.0 -1.0 -1.0 -1.0 -1.0 0.0 0.0 0.0 1773825163264.0
-1.0 -1.0 -1.0 -1.0 -1.0 -1.0 -1.0 0.0 0.0 0.0 1773825163264.0
-1.0 -1.0 -1.0 -1.0 -1.0 -1.0 -1.0 0.0 0.0 0.0 1773825163264.0
-1.0 -1.0 -1.0 -1.0 -1.0 -1.0 -1.0 0.0 0.0 0.0 1773825163264.0
-1.0 -1.0 -1.0 -1.0 -1.0 -1.0 -1.0 0.0 0.0 0.0 1773825163264.0
-1.0 -1.0 -1.0 -1.0 -1.0 -1.0 -1.0 0.0 0.0 0.0 1773825163264.0
-1.0 -1.0 -1.0 -1.0 -1.0 -1.0 -1.0 0.0 0.0 0.0 1773825163264.0
-1.0 -1.0 -1.0 -1.0 -1.0 -1.0 -1.0 0.0 0.0 0.0 1773825163264.0
-1.0 -1.0 -1.0 -1.0 -1.0 -1.0 -1.0 0.0 0.0 0.0 1773825163264.0
-1.0 -1.0 -1.0 -1.0 -1.0 -1.0 -1.0 0.0 0.0 0.0 1773825163264.0
-1.0 -1.0 -1.0 -1.0 -1.0 -1.0 -1.0 0.0 0.0 0.0 1773825163264.0
-1.0 -1.0 -1.0 -1.0 -1.0 -1.0 -1.0 0.0 0.0 0.0 1773825163264.0
-1.0 -1.0 -1.0 -1.0 -1.0 -1.0 -1.0 0.0 0.0 0.0 1773825163264.0
-1.0 -1.0 -1.0 -1.0 -1.0 -1.0 -1.0 0.0 0.0 0.0 1773825163264.0
-1.0 -1.0 -1.0 -1.0 -1.0 -1.0 -1.0 0.0 0.0 0.0 1773825163264.0
-1.0 -1.0 -1.0 -1.0 -1.0 -1.0 -1.0 0.0 0.0 0.0 1773825163264.0
-1.0 -1.0 -1.0 -1.0 -1.0 -1.0 -1.0 0.0 0.0 0.0 1773825163264.0
-1.0 -1.0 -1.0 -1.0 -1.0 -1.0 -1.0 0.0 0.0 0.0 1773825163264.0
-1.0 -1.0 -1.0 -1.0 -1.0 -1.0 -1.0 0.0 0.0 0.0 1773825163264.0
-1.0 -1.0 -1.0 -1.0 -1.0 -1.0 -1.0 0.0 0.0 0.0 1773825163264.0
-1.0 -1.0 -1.0 -1.0 -1.0 -1.0 -1.0 0.0 0.0 0.0 1773825163264.0
-1.0 -1.0 -1.0 -1.0 -1.0 -1.0 -1.0 0.0 0.0 0.0 1773825163264.0
-1.0 -1.0 -1.0 -1.0 -1.0 -1.0 -1.0 0.0 0.0 0.0 1773825163264.0
-1.0 -1.0 -1.0 -1.0 -1.0 -1.0 -1.0 0.0 0.0 0.0 1773825163264.0
-1.0 -1.0 -1.0 -1.0 -1.0 -1.0 -1.0 0.0 0.0 0.0 1773825163264.0
-1.0 -1.0 -1.0 -1.0 -1.0 -1.0 -1.0 0.0 0.0 0.0 1773825163264.0
-1.0 -1.0 -1.0 -1.0 -1.0 -1.0 -1.0 0.0 0.0 0.0 1773825163264.0
-1.0 -1.0 -1.0 -1.0 -1.0 -1.0 -1.0 0.0 0.0 0.0 1773825163264.0
-1.0 -1.0 -1.0 -1.0 -1.0 -1.0 -1.0 0.0 0.0 0.0 1773825163264.0
-1.0 -1.0 -1.0 -1.0 -1.0 -1.0 -1.0 0.0 0.0 0.0 1773825163264.0
-1.0 -1.0 -1.0 -1.0 -1.0 -1.0 -1.0 0.0 0.0 0.0 1773825163264.0
-1.0 -1.0 -1.0 -1.0 -1.0 -1.0 -1.0 0.0 0.0 0.0 1773825163264.0
-1.0 -1.0 -1.0 -1.0 -1.0 -1.0 -1.0 0.0 0.0 0.0 1773825163264.0
-1.0 -1.0 -1.0 -1.0 -1.0 -1.0 -1.0 0.0 0.0 0.0 1773825163264.0
-1.0 -1.0 -1.0 -1.0 -1.0 -1.0 -1.0 0.0 0.0 0.0 1773825163264.0
-1.0 -1.0 -1.0 -1.0 -1.0 -1.0 -1.0 0.0 0.0 0.0 1773825163264.0
-1.0 -1.0 -1.0 -1.0 -1.0 -1.0 -1.0 0.0 0.0 0.0 1773825163264.0
-1.0 -1.0 -1.0 -1.0 -1.0 -1.0 -1.0 0.0 0.0 0.0 1773825163264.0
