ply
format ascii 1.0
element vertex 1728
property float x
property float y
property float z
property uchar red
property uchar green
property uchar blue
end_header
0.041462693363428116 -0.20484396815299988 0.9800000190734863 130 123 115
0.023938460275530815 -0.2050948292016983 0.9890000224113464 140 137 132
0.027166420593857765 -0.20488746464252472 0.9880000352859497 135 132 127
0.030357010662555695 -0.20447272062301636 0.9860000610351562 133 129 122
0.03350035473704338 -0.20385058224201202 0.9830000400543213 134 127 119
0.03666131943464279 -0.20343583822250366 0.9810000658035278 135 128 120
0.03972778841853142 -0.20260633528232574 0.9770000576972961 135 128 120
0.042943745851516724 -0.20260633528232574 0.9770000576972961 134 127 119
0.04615970700979233 -0.20260633528232574 0.9770000576972961 131 124 116
0.022310730069875717 -0.20346449315547943 0.9890000224113464 141 138 133
0.025540338829159737 -0.20325875282287598 0.9880000352859497 138 135 130
0.028792504221200943 -0.20325875282287598 0.9880000352859497 139 132 124
0.03197980299592018 -0.20284731686115265 0.9860000610351562 132 125 117
0.03504675626754761 -0.20181867480278015 0.9810000658035278 132 125 117
0.038236863911151886 -0.2016129493713379 0.9800000190734863 134 127 119
0.04133576899766922 -0.20099575817584991 0.9770000576972961 134 127 119
0.044551726430654526 -0.20099575817584991 0.9770000576972961 132 125 117
0.04776768386363983 -0.20099575817584991 0.9770000576972961 131 124 116
0.01578384079039097 -0.20163007080554962 0.9880000352859497 139 139 133
0.01905527338385582 -0.20183414220809937 0.9890000224113464 140 140 134
0.02228817343711853 -0.20163007080554962 0.9880000352859497 141 138 133
0.025488637387752533 -0.20122191309928894 0.9860000610351562 138 135 130
0.028734220191836357 -0.20122191309928894 0.9860000610351562 138 131 123
0.031882498413324356 -0.20060968399047852 0.9830000400543213 131 124 116
0.03501103073358536 -0.1999974399805069 0.9800000190734863 130 123 115
0.038158830255270004 -0.19958928227424622 0.9780000448226929 129 122 114
0.04133576899766922 -0.19938521087169647 0.9770000576972961 131 124 116
0.04446052387356758 -0.1989770382642746 0.9750000238418579 130 123 115
0.047669898718595505 -0.1989770382642746 0.9750000238418579 130 123 115
0.05087927356362343 -0.1989770382642746 0.9750000238418579 132 125 117
0.05419960245490074 -0.19938521087169647 0.9770000576972961 135 128 120
0.057474322617053986 -0.19958928227424622 0.9780000448226929 134 130 119
0.017409922555088997 -0.20000137388706207 0.9880000352859497 141 141 135
0.02068300172686577 -0.2002037912607193 0.9890000224113464 137 137 131
0.02391425520181656 -0.20000137388706207 0.9880000352859497 136 133 128
0.02711142785847187 -0.19959652423858643 0.9860000610351562 135 131 124
0.03026464767754078 -0.19898922741413116 0.9830000400543213 132 125 117
0.03343219682574272 -0.19858437776565552 0.9810000658035278 128 121 113
0.03662394732236862 -0.1983819156885147 0.9800000190734863 129 122 114
0.03972778841853142 -0.19777464866638184 0.9770000576972961 130 123 115
0.042943745851516724 -0.19777464866638184 0.9770000576972961 129 122 114
0.04606521129608154 -0.1973697692155838 0.9750000238418579 128 121 113
0.04927458614110947 -0.1973697692155838 0.9750000238418579 128 121 113
0.05248396098613739 -0.1973697692155838 0.9750000238418579 132 125 117
0.055693335831165314 -0.1973697692155838 0.9750000238418579 132 125 117
0.05956725403666496 -0.19959652423858643 0.9860000610351562 132 128 117
-0.0004702279984485358 -0.1955617368221283 0.9740000367164612 129 127 119
0.0027358541265130043 -0.1955617368221283 0.9740000367164612 142 140 132
0.005960238631814718 -0.196164071559906 0.9770000576972961 138 135 130
0.009204371832311153 -0.1967664211988449 0.9800000190734863 138 138 132
0.012430204078555107 -0.1967664211988449 0.9800000190734863 139 139 135
0.015703963115811348 -0.1973687708377838 0.9830000400543213 139 139 135
0.018997471779584885 -0.19797112047672272 0.9860000610351562 140 140 136
0.02224305458366871 -0.19797112047672272 0.9860000610351562 135 132 127
0.025488637387752533 -0.19797112047672272 0.9860000610351562 136 132 125
0.02870507910847664 -0.19777034223079681 0.9850000739097595 132 128 121
0.031882498413324356 -0.1973687708377838 0.9830000400543213 130 123 115
0.03501103073358536 -0.1967664211988449 0.9800000190734863 129 122 114
0.038158830255270004 -0.1963648498058319 0.9780000448226929 127 123 114
0.04133576899766922 -0.196164071559906 0.9770000576972961 128 124 115
0.044551726430654526 -0.196164071559906 0.9770000576972961 128 121 113
0.047669898718595505 -0.1957625150680542 0.9750000238418579 125 118 110
0.05087927356362343 -0.1957625150680542 0.9750000238418579 128 121 115
0.05408864468336105 -0.1957625150680542 0.9750000238418579 132 125 117
0.05741555616259575 -0.196164071559906 0.9770000576972961 131 124 114
0.06119004637002945 -0.19797112047672272 0.9860000610351562 132 125 115
-0.005263091064989567 -0.19335871934890747 0.971000075340271 132 129 124
-0.0020668834913522005 -0.19335871934890747 0.971000075340271 136 134 126
0.0011304870713502169 -0.19355785846710205 0.9720000624656677 147 144 139
0.004338895436376333 -0.19395612180233002 0.9740000367164612 145 142 137
0.007552723865956068 -0.1941552460193634 0.9750000238418579 139 136 131
0.01078417431563139 -0.19455352425575256 0.9770000576972961 139 136 131
0.01405745092779398 -0.1953500509262085 0.9810000658035278 137 137 133
0.017357060685753822 -0.19614659249782562 0.9850000739097595 139 139 135
0.02062026411294937 -0.196345716714859 0.9860000610351562 134 131 128
0.023865846917033195 -0.196345716714859 0.9860000610351562 133 130 125
0.027083933353424072 -0.19614659249782562 0.9850000739097595 133 129 122
0.03026464767754078 -0.19574832916259766 0.9830000400543213 128 124 117
0.033398114144802094 -0.19515091180801392 0.9800000190734863 126 122 113
0.03654920309782028 -0.19475264847278595 0.9780000448226929 126 122 113
0.03972778841853142 -0.19455352425575256 0.9770000576972961 128 124 115
0.042943745851516724 -0.19455352425575256 0.9770000576972961 128 124 115
0.04606521129608154 -0.1941552460193634 0.9750000238418579 126 122 113
0.04922404885292053 -0.19395612180233002 0.9740000367164612 125 121 112
0.05248396098613739 -0.1941552460193634 0.9750000238418579 130 123 117
0.055693335831165314 -0.1941552460193634 0.9750000238418579 130 123 117
0.05950683727860451 -0.19614659249782562 0.9850000739097595 132 125 117
0.06338617950677872 -0.19813792407512665 0.9950000643730164 134 127 117
-0.003664986928924918 -0.19175805151462555 0.971000075340271 135 132 127
-0.0004692624497693032 -0.1919555366039276 0.9720000624656677 143 140 135
0.0027302366215735674 -0.1919555366039276 0.9720000624656677 147 144 139
0.0059480369091033936 -0.1925479769706726 0.9750000238418579 148 145 140
0.009176196530461311 -0.19294296205043793 0.9770000576972961 139 136 131
0.01240483671426773 -0.19314044713974 0.9780000448226929 137 137 133
0.01567201316356659 -0.19373290240764618 0.9810000658035278 139 139 135
0.018997471779584885 -0.1947203278541565 0.9860000610351562 138 135 132
0.02224305458366871 -0.1947203278541565 0.9860000610351562 132 129 124
0.025462787598371506 -0.19452284276485443 0.9850000739097595 135 131 124
0.02870507910847664 -0.19452284276485443 0.9850000739097595 129 125 118
0.031882498413324356 -0.1941278725862503 0.9830000400543213 127 123 116
0.03493957966566086 -0.19314044713974 0.9780000448226929 127 123 116
0.038158830255270004 -0.19314044713974 0.9780000448226929 127 123 116
0.04133576899766922 -0.19294296205043793 0.9770000576972961 127 123 114
0.04446052387356758 -0.1925479769706726 0.9750000238418579 127 123 114
0.04762100800871849 -0.19235050678253174 0.9740000367164612 126 122 113
0.050827089697122574 -0.19235050678253174 0.9740000367164612 125 121 114
0.05419960245490074 -0.19294296205043793 0.9770000576972961 131 124 118
0.05741555616259575 -0.19294296205043793 0.9770000576972961 132 123 116
0.06112798675894737 -0.19452284276485443 0.9850000739097595 135 126 117
0.06567727774381638 -0.1984725296497345 1.0049999952316284 138 128 116
-0.005263091064989567 -0.19015738368034363 0.971000075340271 135 133 125
-0.0020626261830329895 -0.18976570665836334 0.9690000414848328 141 138 133
0.0011304870713502169 -0.19035321474075317 0.9720000624656677 147 144 139
0.004329986404627562 -0.19035321474075317 0.9720000624656677 148 145 142
0.007544977590441704 -0.19074487686157227 0.9740000367164612 149 146 141
0.010762098245322704 -0.1909407079219818 0.9750000238418579 139 136 131
0.014043119736015797 -0.19191989302635193 0.9800000190734863 140 137 134
0.017321817576885223 -0.19250741600990295 0.9830000400543213 139 136 133
0.020599350333213806 -0.19289909303188324 0.9850000739097595 132 129 126
0.02384164184331894 -0.19289909303188324 0.9850000739097595 131 128 123
0.027028940618038177 -0.19250741600990295 0.9830000400543213 131 128 123
0.030203072354197502 -0.19211573898792267 0.9810000658035278 127 124 119
0.033398114144802094 -0.19191989302635193 0.9800000190734863 126 122 115
0.03654920309782028 -0.19152823090553284 0.9780000448226929 129 125 118
0.039646461606025696 -0.1909407079219818 0.9750000238418579 126 124 116
0.04285583645105362 -0.1909407079219818 0.9750000238418579 126 124 116
0.04606521129608154 -0.1909407079219818 0.9750000238418579 127 123 114
0.04922404885292053 -0.19074487686157227 0.9740000367164612 126 122 113
0.052430130541324615 -0.19074487686157227 0.9740000367164612 126 122 115
0.05580757558345795 -0.1913323849439621 0.9770000576972961 131 124 118
0.05950683727860451 -0.19289909303188324 0.9850000739097595 133 124 117
0.06332246959209442 -0.19466160237789154 0.9940000176429749 136 127 120
0.06713036447763443 -0.19622832536697388 1.002000093460083 138 129 120
-0.010036686435341835 -0.18816831707954407 0.9690000414848328 131 129 121
-0.006847061682492495 -0.18816831707954407 0.9690000414848328 134 132 124
-0.0036574380937963724 -0.18816831707954407 0.9690000414848328 139 137 129
-0.00046781409764662385 -0.18816831707954407 0.9690000414848328 145 142 137
0.002727427752688527 -0.1885567158460617 0.971000075340271 147 144 139
0.005923635326325893 -0.1885567158460617 0.971000075340271 148 145 140
0.009157410822808743 -0.18933343887329102 0.9750000238418579 140 137 134
0.012392153032124043 -0.18972183763980865 0.9770000576972961 139 136 133
0.015656037256121635 -0.19030439853668213 0.9800000190734863 135 132 129
0.01893967017531395 -0.1908869594335556 0.9830000400543213 132 129 126
0.02217537723481655 -0.1908869594335556 0.9830000400543213 129 126 123
0.025411086156964302 -0.1908869594335556 0.9830000400543213 129 126 121
0.028588509187102318 -0.19049857556819916 0.9810000658035278 128 125 120
0.03178519755601883 -0.19030439853668213 0.9800000190734863 128 123 119
0.03490385413169861 -0.18972183763980865 0.9770000576972961 130 126 119
0.038041774183511734 -0.18933343887329102 0.9750000238418579 127 125 117
0.04125114902853966 -0.18933343887329102 0.9750000238418579 126 124 116
0.04441492259502411 -0.189139261841774 0.9740000367164612 127 123 114
0.04762100800871849 -0.189139261841774 0.9740000367164612 126 122 113
0.050827089697122574 -0.189139261841774 0.9740000367164612 125 121 114
0.05403316766023636 -0.189139261841774 0.9740000367164612 131 124 118
0.05729801952838898 -0.18933343887329102 0.9750000238418579 133 124 117
0.06100386753678322 -0.1908869594335556 0.9830000400543213 133 124 117
0.06495843082666397 -0.19302302598953247 0.9940000176429749 137 128 119
-0.008441874757409096 -0.186570942401886 0.9690000414848328 135 131 124
-0.005252250004559755 -0.186570942401886 0.9690000414848328 138 136 128
-0.0020626261830329895 -0.186570942401886 0.9690000414848328 142 140 132
0.0011293240822851658 -0.1869560331106186 0.971000075340271 151 151 145
0.004325531423091888 -0.1869560331106186 0.971000075340271 144 144 138
0.007544977590441704 -0.1875336468219757 0.9740000367164612 145 142 137
0.010762098245322704 -0.1877261847257614 0.9750000238418579 135 132 129
0.014043119736015797 -0.18868887424468994 0.9800000190734863 132 128 129
0.017286574468016624 -0.18888142704963684 0.9810000658035278 131 128 125
0.020557524636387825 -0.18926650285720825 0.9830000400543213 129 126 123
0.023793231695890427 -0.18926650285720825 0.9830000400543213 128 125 122
0.026973947882652283 -0.18888142704963684 0.9810000658035278 129 126 123
0.030172282829880714 -0.18868887424468994 0.9800000190734863 128 125 120
0.033329956233501434 -0.18830379843711853 0.9780000448226929 126 123 118
0.03651183471083641 -0.18811127543449402 0.9770000576972961 133 128 124
0.039646461606025696 -0.1877261847257614 0.9750000238418579 128 124 117
0.04281188175082207 -0.1875336468219757 0.9740000367164612 125 123 115
0.04601796716451645 -0.1875336468219757 0.9740000367164612 126 124 114
0.04922404885292053 -0.1875336468219757 0.9740000367164612 126 122 113
0.052430130541324615 -0.1875336468219757 0.9740000367164612 128 124 115
0.055636215955019 -0.1875336468219757 0.9740000367164612 133 124 117
0.059386011213064194 -0.18926650285720825 0.9830000400543213 133 124 117
0.06300394237041473 -0.19042173027992249 0.9890000224113464 135 126 119
0.06659438461065292 -0.1913844347000122 0.9940000176429749 138 129 120
-0.010036686435341835 -0.1849735677242279 0.9690000414848328 134 130 123
-0.006847061682492495 -0.1849735677242279 0.9690000414848328 132 130 122
-0.0036574380937963724 -0.1849735677242279 0.9690000414848328 136 134 126
-0.00046781409764662385 -0.1849735677242279 0.9690000414848328 137 137 133
0.002727427752688527 -0.18535536527633667 0.971000075340271 152 152 146
0.005923635326325893 -0.18535536527633667 0.971000075340271 141 141 135
0.009157410822808743 -0.18611891567707062 0.9750000238418579 135 132 129
0.012392153032124043 -0.1865006983280182 0.9770000576972961 133 129 130
0.015624086372554302 -0.18669159710407257 0.9780000448226929 132 129 126
0.01890113763511181 -0.18726427853107452 0.9810000658035278 131 128 125
0.022130262106657028 -0.18726427853107452 0.9810000658035278 128 125 122
0.0253593847155571 -0.18726427853107452 0.9810000658035278 129 126 123
0.0285593643784523 -0.18707336485385895 0.9800000190734863 131 128 123
0.03178519755601883 -0.18707336485385895 0.9800000190734863 127 124 119
0.03490385413169861 -0.1865006983280182 0.9770000576972961 127 124 119
0.038041774183511734 -0.18611891567707062 0.9750000238418579 132 130 122
0.041208840906620026 -0.18592803180217743 0.9740000367164612 127 123 116
0.04441492259502411 -0.18592803180217743 0.9740000367164612 126 122 115
0.04762100800871849 -0.18592803180217743 0.9740000367164612 126 122 115
0.050827089697122574 -0.18592803180217743 0.9740000367164612 130 123 115
0.05403316766023636 -0.18592803180217743 0.9740000367164612 133 124 117
0.05729801952838898 -0.18611891567707062 0.9750000238418579 135 124 117
0.06069357320666313 -0.18669159710407257 0.9780000448226929 138 127 120
0.06443563103675842 -0.18821872770786285 0.9860000610351562 139 128 119
0.0680244192481041 -0.18917317688465118 0.9910000562667847 143 124 111
-0.008459297940135002 -0.18375469744205475 0.971000075340271 129 127 119
-0.005252250004559755 -0.18337620794773102 0.9690000414848328 134 132 124
-0.0020626261830329895 -0.18337620794773102 0.9690000414848328 129 126 121
0.0011293240822851658 -0.18375469744205475 0.971000075340271 126 126 122
0.004329986404627562 -0.1839439421892166 0.9720000624656677 143 143 139
0.007544977590441704 -0.18432241678237915 0.9740000367164612 136 136 132
0.010762098245322704 -0.18451166152954102 0.9750000238418579 131 131 127
0.01401446107774973 -0.1850793957710266 0.9780000448226929 131 131 127
0.01726895198225975 -0.18545787036418915 0.9800000190734863 127 127 123
0.02049478515982628 -0.18545787036418915 0.9800000190734863 126 123 120
0.023744823411107063 -0.185647115111351 0.9810000658035278 125 122 119
0.02689145691692829 -0.1850793957710266 0.9780000448226929 128 125 122
0.030110705643892288 -0.1850793957710266 0.9780000448226929 128 125 120
0.033295877277851105 -0.18489015102386475 0.9770000576972961 126 123 118
0.03651183471083641 -0.18489015102386475 0.9770000576972961 128 125 120
0.039605800062417984 -0.18432241678237915 0.9740000367164612 131 129 121
0.04281188175082207 -0.18432241678237915 0.9740000367164612 125 121 114
0.04601796716451645 -0.18432241678237915 0.9740000367164612 126 122 115
0.04922404885292053 -0.18432241678237915 0.9740000367164612 130 126 119
0.052430130541324615 -0.18432241678237915 0.9740000367164612 131 122 115
0.055636215955019 -0.18432241678237915 0.9740000367164612 134 123 116
0.05902353674173355 -0.18489015102386475 0.9770000576972961 139 125 119
0.06243060529232025 -0.18545787036418915 0.9800000190734863 141 127 121
0.06572344154119492 -0.185647115111351 0.9810000658035278 142 131 122
-0.01006776001304388 -0.18234162032604218 0.9720000624656677 128 126 118
-0.0068611945025622845 -0.18215401470661163 0.971000075340271 129 127 119
-0.003664986928924918 -0.18215401470661163 0.971000075340271 126 123 118
-0.0004692624497693032 -0.18234162032604218 0.9720000624656677 123 123 117
0.0027302366215735674 -0.18234162032604218 0.9720000624656677 111 111 107
0.005929735489189625 -0.18234162032604218 0.9720000624656677 134 134 130
0.009157410822808743 -0.18290437757968903 0.9750000238418579 134 134 130
0.012392153032124043 -0.1832795888185501 0.9770000576972961 131 131 127
0.015624086372554302 -0.18346717953681946 0.9780000448226929 130 130 126
0.018881868571043015 -0.18384234607219696 0.9800000190734863 125 122 119
0.022130262106657028 -0.1840299665927887 0.9810000658035278 125 122 119
0.025333533063530922 -0.18384234607219696 0.9800000190734863 125 122 119
0.028501082211732864 -0.18346717953681946 0.9780000448226929 129 126 121
0.03172032907605171 -0.18346717953681946 0.9780000448226929 129 126 121
0.03490385413169861 -0.1832795888185501 0.9770000576972961 126 123 118
0.038041774183511734 -0.18290437757968903 0.9750000238418579 129 127 119
0.041208840906620026 -0.18271680176258087 0.9740000367164612 127 123 116
0.04441492259502411 -0.18271680176258087 0.9740000367164612 126 122 115
0.04762100800871849 -0.18271680176258087 0.9740000367164612 132 125 117
0.050827089697122574 -0.18271680176258087 0.9740000367164612 136 127 118
0.05403316766023636 -0.18271680176258087 0.9740000367164612 131 115 108
0.05729801952838898 -0.18290437757968903 0.9750000238418579 138 119 113
0.060631509870290756 -0.1832795888185501 0.9770000576972961 141 127 119
0.06410887092351913 -0.1840299665927887 0.9810000658035278 140 129 120
0.06761257350444794 -0.18478034436702728 0.9850000739097595 143 125 114
-0.00846801046282053 -0.18073929846286774 0.9720000624656677 130 126 119
-0.005263091064989567 -0.1805533468723297 0.971000075340271 130 126 119
-0.0020668834913522005 -0.1805533468723297 0.971000075340271 121 118 113
0.0011304870713502169 -0.18073929846286774 0.9720000624656677 118 115 110
0.004329986404627562 -0.18073929846286774 0.9720000624656677 115 112 109
0.007544977590441704 -0.1811111867427826 0.9740000367164612 123 123 119
0.010762098245322704 -0.18129712343215942 0.9750000238418579 130 130 126
0.01401446107774973 -0.1818549633026123 0.9780000448226929 129 129 125
0.0172337107360363 -0.1818549633026123 0.9780000448226929 131 131 127
0.02049478515982628 -0.18222685158252716 0.9800000190734863 127 124 121
0.023744823411107063 -0.18241280317306519 0.9810000658035278 132 129 126
0.02689145691692829 -0.1818549633026123 0.9780000448226929 133 130 125
0.030110705643892288 -0.1818549633026123 0.9780000448226929 129 126 121
0.033295877277851105 -0.18166901171207428 0.9770000576972961 127 124 119
0.03651183471083641 -0.18166901171207428 0.9770000576972961 126 123 118
0.039605800062417984 -0.1811111867427826 0.9740000367164612 128 125 120
0.04281188175082207 -0.1811111867427826 0.9740000367164612 125 123 115
0.04601796716451645 -0.1811111867427826 0.9740000367164612 133 129 120
0.04922404885292053 -0.1811111867427826 0.9740000367164612 138 131 121
0.052430130541324615 -0.1811111867427826 0.9740000367164612 130 119 110
0.055636215955019 -0.1811111867427826 0.9740000367164612 134 113 108
0.05902353674173355 -0.18166901171207428 0.9770000576972961 140 120 112
0.06243060529232025 -0.18222685158252716 0.9800000190734863 142 126 119
0.06572344154119492 -0.18241280317306519 0.9810000658035278 142 132 120
-0.01006776001304388 -0.1791369765996933 0.9720000624656677 129 124 120
-0.006868260912597179 -0.1791369765996933 0.9720000624656677 132 128 121
-0.0036763104144483805 -0.17950557172298431 0.9740000367164612 126 124 116
-0.0004692624497693032 -0.1791369765996933 0.9720000624656677 119 117 109
0.0027302366215735674 -0.1791369765996933 0.9720000624656677 114 111 106
0.005941936746239662 -0.17950557172298431 0.9740000367164612 117 114 109
0.009157410822808743 -0.17968985438346863 0.9750000238418579 119 119 115
0.012392153032124043 -0.18005846440792084 0.9770000576972961 129 129 125
0.015624086372554302 -0.18024274706840515 0.9780000448226929 132 132 128
0.018881868571043015 -0.18061134219169617 0.9800000190734863 138 135 132
0.022130262106657028 -0.18079565465450287 0.9810000658035278 138 135 130
0.025333533063530922 -0.18061134219169617 0.9800000190734863 138 135 130
0.028501082211732864 -0.18024274706840515 0.9780000448226929 131 128 123
0.03172032907605171 -0.18024274706840515 0.9780000448226929 131 128 123
0.03490385413169861 -0.18005846440792084 0.9770000576972961 126 123 118
0.038041774183511734 -0.17968985438346863 0.9750000238418579 127 124 119
0.041208840906620026 -0.17950557172298431 0.9740000367164612 129 125 118
0.04441492259502411 -0.17950557172298431 0.9740000367164612 134 130 121
0.04762100800871849 -0.17950557172298431 0.9740000367164612 139 132 122
0.050827089697122574 -0.17950557172298431 0.9740000367164612 137 123 115
0.05408864468336105 -0.17968985438346863 0.9750000238418579 135 113 105
0.05729801952838898 -0.17968985438346863 0.9750000238418579 133 113 105
0.060631509870290756 -0.18005846440792084 0.9770000576972961 137 124 113
0.06410887092351913 -0.18079565465450287 0.9810000658035278 143 130 119
0.06761257350444794 -0.1815328299999237 0.9850000739097595 144 125 112
-0.011691516265273094 -0.17789994180202484 0.9740000367164612 127 122 118
-0.00846801046282053 -0.17753465473651886 0.9720000624656677 128 123 119
-0.005268510896712542 -0.17753465473651886 0.9720000624656677 132 128 121
-0.002069012029096484 -0.17753465473651886 0.9720000624656677 132 130 122
0.0011304870713502169 -0.17753465473651886 0.9720000624656677 127 125 117
0.004338895436376333 -0.17789994180202484 0.9740000367164612 126 124 116
0.007544977590441704 -0.17789994180202484 0.9740000367164612 122 120 112
0.010762098245322704 -0.17808260023593903 0.9750000238418579 131 128 123
0.014043119736015797 -0.17899583280086517 0.9800000190734863 132 129 124
0.01726895198225975 -0.17899583280086517 0.9800000190734863 138 135 132
0.020515698939561844 -0.17917849123477936 0.9810000658035278 138 135 132
0.023744823411107063 -0.17917849123477936 0.9810000658035278 140 137 132
0.026946449652314186 -0.17899583280086517 0.9800000190734863 135 132 127
0.030110705643892288 -0.1786305457353592 0.9780000448226929 129 126 121
0.033295877277851105 -0.178447887301445 0.9770000576972961 128 125 120
0.03651183471083641 -0.178447887301445 0.9770000576972961 128 123 119
0.039646461606025696 -0.17808260023593903 0.9750000238418579 132 128 121
0.04281188175082207 -0.17789994180202484 0.9740000367164612 133 129 120
0.04601796716451645 -0.17789994180202484 0.9740000367164612 135 128 120
0.04922404885292053 -0.17789994180202484 0.9740000367164612 142 131 122
0.052430130541324615 -0.17789994180202484 0.9740000367164612 161 143 134
0.055693335831165314 -0.17808260023593903 0.9750000238418579 133 108 101
0.05902353674173355 -0.178447887301445 0.9770000576972961 138 118 110
0.062303200364112854 -0.1786305457353592 0.9780000448226929 141 128 117
0.06572344154119492 -0.17917849123477936 0.9810000658035278 142 129 118
-0.01006776001304388 -0.17593233287334442 0.9720000624656677 126 121 117
-0.006868260912597179 -0.17593233287334442 0.9720000624656677 125 120 116
-0.0036763104144483805 -0.17629432678222656 0.9740000367164612 129 125 118
-0.0004702279984485358 -0.17629432678222656 0.9740000367164612 134 130 123
0.0027386632282286882 -0.17647533118724823 0.9750000238418579 135 131 122
0.0059480369091033936 -0.17647533118724823 0.9750000238418579 134 132 122
0.009176196530461311 -0.17683732509613037 0.9770000576972961 131 129 119
0.01240483671426773 -0.17701832950115204 0.9780000448226929 135 131 122
0.015656037256121635 -0.17738032341003418 0.9800000190734863 136 132 125
0.01890113763511181 -0.17756132781505585 0.9810000658035278 137 132 128
0.022130262106657028 -0.17756132781505585 0.9810000658035278 140 135 131
0.025333533063530922 -0.17738032341003418 0.9800000190734863 140 135 131
0.0285593643784523 -0.17738032341003418 0.9800000190734863 130 125 121
0.03172032907605171 -0.17701832950115204 0.9780000448226929 130 125 121
0.03490385413169861 -0.17683732509613037 0.9770000576972961 136 132 125
0.038119811564683914 -0.17683732509613037 0.9770000576972961 137 133 124
0.04125114902853966 -0.17647533118724823 0.9750000238418579 133 129 120
0.04441492259502411 -0.17629432678222656 0.9740000367164612 132 123 116
0.04762100800871849 -0.17629432678222656 0.9740000367164612 150 134 127
0.050827089697122574 -0.17629432678222656 0.9740000367164612 145 120 113
0.05408864468336105 -0.17647533118724823 0.9750000238418579 133 108 101
0.05729801952838898 -0.17647533118724823 0.9750000238418579 134 119 109
0.060631509870290756 -0.17683732509613037 0.9770000576972961 141 127 119
0.06410887092351913 -0.17756132781505585 0.9810000658035278 140 125 115
0.06761257350444794 -0.17828533053398132 0.9850000739097595 145 121 107
-0.011703520081937313 -0.17486806213855743 0.9750000238418579 126 122 115
-0.00849414523690939 -0.17486806213855743 0.9750000238418579 125 121 114
-0.005284771788865328 -0.17486806213855743 0.9750000238418579 122 118 111
-0.002075397642329335 -0.17486806213855743 0.9750000238418579 127 122 118
0.001133976154960692 -0.17486806213855743 0.9750000238418579 132 127 123
0.004352259449660778 -0.17522677779197693 0.9770000576972961 133 129 120
0.007575963158160448 -0.17540611326694489 0.9780000448226929 135 131 122
0.010817287489771843 -0.17576482892036438 0.9800000190734863 139 135 126
0.014043119736015797 -0.17576482892036438 0.9800000190734863 140 136 127
0.017286574468016624 -0.17594417929649353 0.9810000658035278 137 133 124
0.020515698939561844 -0.17594417929649353 0.9810000658035278 139 135 128
0.023744823411107063 -0.17594417929649353 0.9810000658035278 139 135 128
0.026973947882652283 -0.17594417929649353 0.9810000658035278 135 131 124
0.030172282829880714 -0.17576482892036438 0.9800000190734863 136 129 123
0.033329956233501434 -0.17540611326694489 0.9780000448226929 143 138 134
0.03651183471083641 -0.17522677779197693 0.9770000576972961 141 137 128
0.039646461606025696 -0.17486806213855743 0.9750000238418579 133 129 120
0.04285583645105362 -0.17486806213855743 0.9750000238418579 132 123 116
0.04606521129608154 -0.17486806213855743 0.9750000238418579 154 140 132
0.04927458614110947 -0.17486806213855743 0.9750000238418579 130 111 105
0.05248396098613739 -0.17486806213855743 0.9750000238418579 132 105 99
0.055693335831165314 -0.17486806213855743 0.9750000238418579 138 116 108
0.05908394604921341 -0.17540611326694489 0.9780000448226929 143 129 121
0.06243060529232025 -0.17576482892036438 0.9800000190734863 135 124 115
0.0658574253320694 -0.17630288004875183 0.9830000400543213 140 122 113
-0.01333550550043583 -0.1736162006855011 0.9770000576972961 128 124 115
-0.010098832659423351 -0.17326079308986664 0.9750000238418579 125 121 112
-0.006889458745718002 -0.17326079308986664 0.9750000238418579 121 117 110
-0.0036800848320126534 -0.17326079308986664 0.9750000238418579 121 117 110
-0.0004707107727881521 -0.17326079308986664 0.9750000238418579 124 117 111
0.0027386632282286882 -0.17326079308986664 0.9750000238418579 134 127 119
0.005960238631814718 -0.1736162006855011 0.9770000576972961 136 127 120
0.009204371832311153 -0.1741493195295334 0.9800000190734863 137 128 121
0.012430204078555107 -0.1741493195295334 0.9800000190734863 144 135 128
0.015656037256121635 -0.1741493195295334 0.9800000190734863 142 135 127
0.01890113763511181 -0.1743270307779312 0.9810000658035278 142 138 129
0.022130262106657028 -0.1743270307779312 0.9810000658035278 140 136 127
0.0253593847155571 -0.1743270307779312 0.9810000658035278 141 134 126
0.0285593643784523 -0.1741493195295334 0.9800000190734863 147 138 131
0.03178519755601883 -0.1741493195295334 0.9800000190734863 148 141 135
0.03490385413169861 -0.1736162006855011 0.9770000576972961 145 138 130
0.038119811564683914 -0.1736162006855011 0.9770000576972961 138 129 122
0.04125114902853966 -0.17326079308986664 0.9750000238418579 140 129 120
0.04446052387356758 -0.17326079308986664 0.9750000238418579 150 131 127
0.047669898718595505 -0.17326079308986664 0.9750000238418579 129 103 101
0.05087927356362343 -0.17326079308986664 0.9750000238418579 130 104 100
0.05419960245490074 -0.1736162006855011 0.9770000576972961 134 118 111
0.057474322617053986 -0.17379391193389893 0.9780000448226929 142 131 124
0.06069357320666313 -0.17379391193389893 0.9780000448226929 142 131 122
0.06423957645893097 -0.17468242347240448 0.9830000400543213 140 118 108
-0.01333550550043583 -0.17200563848018646 0.9770000576972961 130 123 115
-0.010098832659423351 -0.17165352404117584 0.9750000238418579 125 118 110
-0.006889458745718002 -0.17165352404117584 0.9750000238418579 123 116 110
-0.0036876338999718428 -0.17200563848018646 0.9770000576972961 123 114 109
-0.0004716763796750456 -0.17200563848018646 0.9770000576972961 127 116 109
0.002744280965998769 -0.17200563848018646 0.9770000576972961 136 122 114
0.00596633879467845 -0.17218169569969177 0.9780000448226929 132 113 107
0.009213765151798725 -0.1727098673582077 0.9810000658035278 139 120 114
0.01244288869202137 -0.1727098673582077 0.9810000658035278 142 128 122
0.015703963115811348 -0.17306198179721832 0.9830000400543213 142 131 124
0.01897820644080639 -0.17341409623622894 0.9850000739097595 146 137 130
0.02217537723481655 -0.17306198179721832 0.9830000400543213 145 136 129
0.0253593847155571 -0.1727098673582077 0.9810000658035278 146 137 130
0.028588509187102318 -0.1727098673582077 0.9810000658035278 154 143 136
0.03178519755601883 -0.1725337952375412 0.9800000190734863 153 142 135
0.03501103073358536 -0.1725337952375412 0.9800000190734863 148 134 128
0.038158830255270004 -0.17218169569969177 0.9780000448226929 156 140 133
0.04133576899766922 -0.17200563848018646 0.9770000576972961 153 132 127
0.04446052387356758 -0.17165352404117584 0.9750000238418579 120 92 93
0.047669898718595505 -0.17165352404117584 0.9750000238418579 128 102 98
0.05087927356362343 -0.17165352404117584 0.9750000238418579 134 113 108
0.05419960245490074 -0.17200563848018646 0.9770000576972961 138 127 120
0.057474322617053986 -0.17218169569969177 0.9780000448226929 142 131 124
0.06069357320666313 -0.17218169569969177 0.9780000448226929 143 128 118
0.06423957645893097 -0.17306198179721832 0.9830000400543213 142 111 102
-0.013349154964089394 -0.1705694943666458 0.9780000448226929 130 123 115
-0.010119548998773098 -0.17039509117603302 0.9770000576972961 125 118 110
-0.0069106570445001125 -0.1705694943666458 0.9780000448226929 126 115 108
-0.0036914083175361156 -0.1705694943666458 0.9780000448226929 128 112 107
-0.00047312467359006405 -0.1709183007478714 0.9800000190734863 147 127 119
0.0027527075726538897 -0.1709183007478714 0.9800000190734863 140 118 110
0.005984640680253506 -0.17109271883964539 0.9810000658035278 134 109 102
0.009232548996806145 -0.17144152522087097 0.9830000400543213 137 110 104
0.012468256056308746 -0.17144152522087097 0.9830000400543213 140 115 108
0.015735914930701256 -0.17179034650325775 0.9850000739097595 141 120 115
0.018997471779584885 -0.17196474969387054 0.9860000610351562 149 135 131
0.022220496088266373 -0.17179034650325775 0.9850000739097595 144 133 128
0.025462787598371506 -0.17179034650325775 0.9850000739097595 151 137 131
0.028646793216466904 -0.17144152522087097 0.9830000400543213 154 138 133
0.031882498413324356 -0.17144152522087097 0.9830000400543213 157 141 136
0.03501103073358536 -0.1709183007478714 0.9800000190734863 157 136 131
0.038236863911151886 -0.1709183007478714 0.9800000190734863 153 130 125
0.04137807711958885 -0.1705694943666458 0.9780000448226929 123 95 94
0.044551726430654526 -0.17039509117603302 0.9770000576972961 123 95 94
0.04776768386363983 -0.17039509117603302 0.9770000576972961 133 112 107
0.05098364129662514 -0.17039509117603302 0.9770000576972961 140 126 118
0.05425507202744484 -0.1705694943666458 0.9780000448226929 138 127 120
0.05759185180068016 -0.1709183007478714 0.9800000190734863 144 133 126
0.06081768870353699 -0.1709183007478714 0.9800000190734863 145 123 113
0.06443563103675842 -0.17196474969387054 0.9860000610351562 139 101 90
-0.013349154964089394 -0.16895727813243866 0.9780000448226929 130 123 115
-0.010119548998773098 -0.1687845140695572 0.9770000576972961 128 117 108
-0.0069106570445001125 -0.16895727813243866 0.9780000448226929 132 111 106
-0.0036914083175361156 -0.16895727813243866 0.9780000448226929 135 112 107
-0.00047312467359006405 -0.1693027913570404 0.9800000190734863 147 122 113
0.0027527075726538897 -0.1693027913570404 0.9800000190734863 141 114 106
0.005984640680253506 -0.16947555541992188 0.9810000658035278 137 107 100
0.009232548996806145 -0.16982106864452362 0.9830000400543213 134 102 96
0.012468256056308746 -0.16982106864452362 0.9830000400543213 140 108 102
0.015735914930701256 -0.17016659677028656 0.9850000739097595 141 114 108
0.018997471779584885 -0.17033934593200684 0.9860000610351562 151 132 130
0.022220496088266373 -0.17016659677028656 0.9850000739097595 143 127 124
0.025462787598371506 -0.17016659677028656 0.9850000739097595 151 132 128
0.028646793216466904 -0.16982106864452362 0.9830000400543213 156 133 128
0.031882498413324356 -0.16982106864452362 0.9830000400543213 169 142 136
0.03501103073358536 -0.1693027913570404 0.9800000190734863 162 134 131
0.038236863911151886 -0.1693027913570404 0.9800000190734863 141 113 110
0.04137807711958885 -0.16895727813243866 0.9780000448226929 129 103 99
0.044551726430654526 -0.1687845140695572 0.9770000576972961 134 113 108
0.04776768386363983 -0.1687845140695572 0.9770000576972961 140 124 117
0.05098364129662514 -0.1687845140695572 0.9770000576972961 141 127 119
0.05425507202744484 -0.16895727813243866 0.9780000448226929 139 128 121
0.05759185180068016 -0.1693027913570404 0.9800000190734863 137 123 115
0.06081768870353699 -0.1693027913570404 0.9800000190734863 146 117 107
0.06443563103675842 -0.17033934593200684 0.9860000610351562 142 95 84
-0.018215201795101166 -0.1676872819662094 0.9800000190734863 132 128 119
-0.014989370480179787 -0.1676872819662094 0.9800000190734863 132 125 117
-0.011763538233935833 -0.1676872819662094 0.9800000190734863 129 120 113
-0.00853770598769188 -0.1676872819662094 0.9800000190734863 130 114 107
-0.005311872810125351 -0.1676872819662094 0.9800000190734863 137 112 105
-0.002086040796712041 -0.1676872819662094 0.9800000190734863 142 117 110
0.0011409545550122857 -0.16785839200019836 0.9810000658035278 143 113 106
0.004378987941890955 -0.16820061206817627 0.9830000400543213 139 109 102
0.00763018848374486 -0.16854284703731537 0.9850000739097595 135 103 97
0.010872479528188705 -0.16854284703731537 0.9850000739097595 134 99 94
0.014129099436104298 -0.16871394217014313 0.9860000610351562 143 108 103
0.017374681308865547 -0.16871394217014313 0.9860000610351562 147 115 109
0.020662089809775352 -0.16905616223812103 0.9880000352859497 150 124 122
0.023865846917033195 -0.16871394217014313 0.9860000610351562 152 129 128
0.027083933353424072 -0.16854284703731537 0.9850000739097595 152 129 126
0.030326224863529205 -0.16854284703731537 0.9850000739097595 184 157 151
0.03350035473704338 -0.16820061206817627 0.9830000400543213 165 135 128
0.03673605993390083 -0.16820061206817627 0.9830000400543213 153 123 118
0.03984977677464485 -0.1676872819662094 0.9800000190734863 142 115 109
0.04307561367750168 -0.1676872819662094 0.9800000190734863 142 124 115
0.04630144312977791 -0.1676872819662094 0.9800000190734863 139 125 117
0.04952727630734444 -0.1676872819662094 0.9800000190734863 141 127 119
0.052753105759620667 -0.1676872819662094 0.9800000190734863 141 127 119
0.055978938937187195 -0.1676872819662094 0.9800000190734863 129 115 109
0.05926518514752388 -0.16785839200019836 0.9810000658035278 135 116 110
0.06274913251399994 -0.16854284703731537 0.9850000739097595 129 95 85
-0.0166022852063179 -0.16607177257537842 0.9800000190734863 136 127 120
-0.013376452960073948 -0.16607177257537842 0.9800000190734863 134 123 114
-0.010150621645152569 -0.16607177257537842 0.9800000190734863 135 117 108
-0.006924789398908615 -0.16607177257537842 0.9800000190734863 136 111 102
-0.0037027315702289343 -0.16624124348163605 0.9810000658035278 138 111 103
-0.00047360750613734126 -0.16624124348163605 0.9810000658035278 143 113 106
0.0027611341793090105 -0.16658015549182892 0.9830000400543213 142 110 104
0.006015143357217312 -0.1670885533094406 0.9860000610351562 138 107 98
0.009260725229978561 -0.1670885533094406 0.9860000610351562 134 100 92
0.012531675398349762 -0.16742746531963348 0.9880000352859497 139 102 97
0.01578384079039097 -0.16742746531963348 0.9880000352859497 149 112 107
0.019036006182432175 -0.16742746531963348 0.9880000352859497 155 123 117
0.02228817343711853 -0.16742746531963348 0.9880000352859497 149 123 119
0.025540338829159737 -0.16742746531963348 0.9880000352859497 152 126 122
0.028734220191836357 -0.1670885533094406 0.9860000610351562 152 127 120
0.03197980299592018 -0.1670885533094406 0.9860000610351562 160 130 123
0.035189662128686905 -0.16691908240318298 0.9850000739097595 156 129 121
0.03835391253232956 -0.16658015549182892 0.9830000400543213 154 132 122
0.041505005210638046 -0.16624124348163605 0.9810000658035278 148 133 123
0.044734131544828415 -0.16624124348163605 0.9810000658035278 142 128 120
0.047963254153728485 -0.16624124348163605 0.9810000658035278 150 136 128
0.051192376762628555 -0.16624124348163605 0.9810000658035278 140 124 119
0.05453244969248772 -0.16658015549182892 0.9830000400543213 132 113 109
0.05776815488934517 -0.16658015549182892 0.9830000400543213 135 109 105
0.06100386753678322 -0.16658015549182892 0.9830000400543213 139 103 93
0.06456632912158966 -0.16742746531963348 0.9880000352859497 139 88 74
-0.018215201795101166 -0.16445627808570862 0.9800000190734863 129 122 116
-0.014989370480179787 -0.16445627808570862 0.9800000190734863 137 126 119
-0.011763538233935833 -0.16445627808570862 0.9800000190734863 137 123 115
-0.00853770598769188 -0.16445627808570862 0.9800000190734863 136 118 109
-0.0053172935731709 -0.16462408006191254 0.9810000658035278 138 113 104
-0.0020881693344563246 -0.16462408006191254 0.9810000658035278 136 109 101
0.0011432806495577097 -0.16495971381664276 0.9830000400543213 141 111 104
0.004387897439301014 -0.1652953326702118 0.9850000739097595 141 109 103
0.007637934293597937 -0.1654631495475769 0.9860000610351562 137 103 95
0.010883516632020473 -0.1654631495475769 0.9860000610351562 136 100 92
0.014157758094370365 -0.16579876840114594 0.9880000352859497 145 109 101
0.017409922555088997 -0.16579876840114594 0.9880000352859497 157 120 115
0.020662089809775352 -0.16579876840114594 0.9880000352859497 164 129 124
0.02391425520181656 -0.16579876840114594 0.9880000352859497 165 138 130
0.02711142785847187 -0.1654631495475769 0.9860000610351562 161 136 127
0.030357010662555695 -0.1654631495475769 0.9860000610351562 156 131 122
0.03356851264834404 -0.1652953326702118 0.9850000739097595 160 138 128
0.03681080415844917 -0.1652953326702118 0.9850000739097595 160 140 130
0.03989044204354286 -0.16462408006191254 0.9810000658035278 152 134 123
0.04311956837773323 -0.16462408006191254 0.9810000658035278 144 131 120
0.0463486909866333 -0.16462408006191254 0.9810000658035278 147 133 125
0.04957781359553337 -0.16462408006191254 0.9810000658035278 129 113 108
0.05280693620443344 -0.16462408006191254 0.9810000658035278 132 113 109
0.05615030601620674 -0.16495971381664276 0.9830000400543213 127 101 97
0.059386011213064194 -0.16495971381664276 0.9830000400543213 136 106 101
0.06274913251399994 -0.1652953326702118 0.9850000739097595 129 93 83
-0.016619227826595306 -0.16300691664218903 0.9810000658035278 134 118 111
-0.013390104286372662 -0.16300691664218903 0.9810000658035278 138 123 113
-0.010160979814827442 -0.16300691664218903 0.9810000658035278 140 122 113
-0.00693185580894351 -0.16300691664218903 0.9810000658035278 140 120 110
-0.0037102801725268364 -0.1633392572402954 0.9830000400543213 136 114 104
-0.00047457305481657386 -0.1633392572402954 0.9830000400543213 137 112 103
0.0027667521499097347 -0.1636715829372406 0.9850000739097595 139 112 104
0.006027344148606062 -0.1641700714826584 0.9880000352859497 139 109 102
0.009279509074985981 -0.1641700714826584 0.9880000352859497 134 103 94
0.01254435908049345 -0.16433623433113098 0.9890000224113464 137 106 97
0.015799816697835922 -0.16433623433113098 0.9890000224113464 153 119 111
0.01909380964934826 -0.16466857492923737 0.9910000562667847 156 124 118
0.022378409281373024 -0.16483473777770996 0.9920000433921814 154 132 122
0.025617890059947968 -0.16466857492923737 0.9910000562667847 153 131 121
0.028879931196570396 -0.16466857492923737 0.9910000562667847 159 139 129
0.032141972333192825 -0.16466857492923737 0.9910000562667847 160 142 131
0.035296835005283356 -0.1641700714826584 0.9880000352859497 159 144 132
0.03854900225996971 -0.1641700714826584 0.9880000352859497 155 140 130
0.041716549545526505 -0.1638377457857132 0.9860000610351562 157 142 132
0.044916532933712006 -0.1636715829372406 0.9850000739097595 144 128 121
0.04815882071852684 -0.1636715829372406 0.9850000739097595 136 117 113
0.05140111222863197 -0.1636715829372406 0.9850000739097595 132 109 106
0.054643407464027405 -0.1636715829372406 0.9850000739097595 129 101 98
0.05788569152355194 -0.1636715829372406 0.9850000739097595 134 102 98
0.06119004637002945 -0.1638377457857132 0.9860000610351562 134 98 88
0.06463167816400528 -0.16433623433113098 0.9890000224113464 134 86 71
-0.018270963802933693 -0.16171880066394806 0.9830000400543213 126 112 106
-0.015035255812108517 -0.16171880066394806 0.9830000400543213 136 114 106
-0.011799548752605915 -0.16171880066394806 0.9830000400543213 141 119 109
-0.008581265807151794 -0.1620478332042694 0.9850000739097595 146 124 114
-0.0053443945944309235 -0.16221235692501068 0.9860000610351562 143 123 113
-0.002098812721669674 -0.16221235692501068 0.9860000610351562 140 122 111
0.0011502589331939816 -0.1627058982849121 0.9890000224113464 139 121 110
0.0044146254658699036 -0.16303493082523346 0.9910000562667847 139 119 109
0.007676666136831045 -0.16303493082523346 0.9910000562667847 140 118 108
0.01094974484294653 -0.16319943964481354 0.9920000433921814 143 118 109
0.014243736863136292 -0.1635284572839737 0.9940000176429749 150 123 115
0.017515651881694794 -0.1635284572839737 0.9940000176429749 157 130 122
0.02080848067998886 -0.16369299590587616 0.9950000643730164 162 137 128
0.024132097139954567 -0.16402201354503632 0.9970000386238098 160 142 131
0.02741388790309429 -0.16402201354503632 0.9970000386238098 163 145 134
0.03063410334289074 -0.16369299590587616 0.9950000643730164 159 144 134
0.0338752306997776 -0.1635284572839737 0.9940000176429749 158 145 134
0.037072405219078064 -0.16319943964481354 0.9920000433921814 157 144 133
0.04021574556827545 -0.1627058982849121 0.9890000224113464 154 138 131
0.04347120225429535 -0.1627058982849121 0.9890000224113464 142 126 119
0.04667941480875015 -0.16254137456417084 0.9880000352859497 136 115 110
0.04993158206343651 -0.16254137456417084 0.9880000352859497 133 110 105
0.05307609215378761 -0.16221235692501068 0.9860000610351562 132 104 101
0.05632167309522629 -0.16221235692501068 0.9860000610351562 126 96 91
0.05968807637691498 -0.16254137456417084 0.9880000352859497 137 105 99
0.06300394237041473 -0.1627058982849121 0.9890000224113464 128 92 82
-0.016653109341859818 -0.1600983440876007 0.9830000400543213 138 109 99
-0.013417402282357216 -0.1600983440876007 0.9830000400543213 141 112 102
-0.010202410630881786 -0.16042408347129822 0.9850000739097595 139 113 102
-0.006960120052099228 -0.16042408347129822 0.9850000739097595 141 119 109
-0.0037216036580502987 -0.16058695316314697 0.9860000610351562 145 125 115
-0.00047698692651465535 -0.1609126776456833 0.9880000352859497 144 129 119
0.002777987392619252 -0.16107554733753204 0.9890000224113464 143 128 118
0.006045646034181118 -0.16140128672122955 0.9910000562667847 142 127 115
0.009317079558968544 -0.1615641564130783 0.9920000433921814 143 125 114
0.01258241105824709 -0.1615641564130783 0.9920000433921814 146 126 116
0.015879694372415543 -0.16188988089561462 0.9940000176429749 159 137 127
0.01917087845504284 -0.16205275058746338 0.9950000643730164 166 144 134
0.02244608663022518 -0.16205275058746338 0.9950000643730164 161 143 132
0.02577299252152443 -0.1623784750699997 0.9970000386238098 163 145 136
0.029054783284664154 -0.1623784750699997 0.9970000386238098 158 143 133
0.03227170929312706 -0.16205275058746338 0.9950000643730164 157 144 133
0.035439737141132355 -0.1615641564130783 0.9920000433921814 158 142 135
0.03866605460643768 -0.16140128672122955 0.9910000562667847 152 133 127
0.0418434739112854 -0.16107554733753204 0.9890000224113464 144 123 118
0.045053329318761826 -0.1609126776456833 0.9880000352859497 138 111 105
0.04830549657344818 -0.1609126776456833 0.9880000352859497 138 111 105
0.05155766010284424 -0.1609126776456833 0.9880000352859497 133 101 97
0.0546988807618618 -0.16058695316314697 0.9860000610351562 132 100 96
0.057944465428590775 -0.16058695316314697 0.9860000610351562 133 101 95
0.06131415814161301 -0.1609126776456833 0.9880000352859497 140 106 96
0.06476237624883652 -0.16140128672122955 0.9910000562667847 132 90 78
-0.01832672394812107 -0.15896156430244446 0.9860000610351562 122 96 92
-0.015081142075359821 -0.15896156430244446 0.9860000610351562 144 108 98
-0.011835560202598572 -0.15896156430244446 0.9860000610351562 144 108 96
-0.008616113103926182 -0.15944519639015198 0.9890000224113464 144 110 98
-0.005360655952244997 -0.15944519639015198 0.9890000224113464 141 115 104
-0.002109455643221736 -0.15976764261722565 0.9910000562667847 140 118 108
0.0011560741113498807 -0.16025128960609436 0.9940000176429749 139 121 112
0.004432444926351309 -0.1604125201702118 0.9950000643730164 142 124 115
0.007707652170211077 -0.1604125201702118 0.9950000643730164 140 122 113
0.011004935018718243 -0.16073496639728546 0.9970000386238098 143 125 114
0.014286726713180542 -0.16073496639728546 0.9970000386238098 153 133 123
0.017603760585188866 -0.16105739772319794 0.999000072479248 172 147 140
0.020892133936285973 -0.16105739772319794 0.999000072479248 177 152 145
0.024204710498452187 -0.16121859848499298 1.0 162 142 134
0.027551371604204178 -0.16154104471206665 1.002000093460083 159 141 132
0.030849620699882507 -0.16154104471206665 1.002000093460083 158 139 133
0.03407970815896988 -0.16121859848499298 1.0 153 135 126
0.037259262055158615 -0.16073496639728546 0.9970000386238098 151 133 124
0.04041906073689461 -0.16025128960609436 0.9940000176429749 145 125 117
0.043603070080280304 -0.15992885828018188 0.9920000433921814 141 114 108
0.04682115465402603 -0.15976764261722565 0.9910000562667847 134 102 96
0.05008319765329361 -0.15976764261722565 0.9910000562667847 140 105 100
0.05323757603764534 -0.15944519639015198 0.9890000224113464 139 104 101
0.05649303272366524 -0.15944519639015198 0.9890000224113464 130 95 90
0.059748485684394836 -0.15944519639015198 0.9890000224113464 141 110 101
0.06313135474920273 -0.15976764261722565 0.9910000562667847 130 96 86
-0.016703933477401733 -0.15733616054058075 0.9860000610351562 142 101 91
-0.01345835067331791 -0.15733616054058075 0.9860000610351562 149 106 97
-0.010233484208583832 -0.15765529870986938 0.9880000352859497 144 106 95
-0.006988384295254946 -0.1578148603439331 0.9890000224113464 139 108 97
-0.0037404759787023067 -0.15813401341438293 0.9910000562667847 136 109 101
-0.0004784352786373347 -0.15813401341438293 0.9910000562667847 138 116 106
0.0027920319698750973 -0.1586127132177353 0.9940000176429749 139 117 109
0.006070048548281193 -0.1587722897529602 0.9950000643730164 139 117 109
0.00936403963714838 -0.15909142792224884 0.9970000386238098 141 116 107
0.012645830400288105 -0.15909142792224884 0.9970000386238098 145 120 111
0.016007499769330025 -0.15988928079605103 1.002000093460083 160 133 127
0.01932501420378685 -0.16004884243011475 1.003000020980835 165 140 133
0.022671671584248543 -0.16036798059940338 1.0049999952316284 162 139 134
0.025979796424508095 -0.16036798059940338 1.0049999952316284 157 136 131
0.02934620901942253 -0.1606871336698532 1.0070000886917114 153 132 127
0.03253117576241493 -0.16004884243011475 1.003000020980835 154 133 128
0.03579699248075485 -0.15988928079605103 1.002000093460083 153 131 123
0.039017204195261 -0.1595701277256012 1.0 145 120 113
0.04218194633722305 -0.15909142792224884 0.9970000386238098 143 113 106
0.04532693699002266 -0.1586127132177353 0.9940000176429749 134 102 96
0.048501066863536835 -0.15829357504844666 0.9920000433921814 140 106 98
0.0517142154276371 -0.15813401341438293 0.9910000562667847 134 99 94
0.05497625470161438 -0.15813401341438293 0.9910000562667847 135 100 95
0.05823829770088196 -0.15813401341438293 0.9910000562667847 140 109 100
0.061562396585941315 -0.15829357504844666 0.9920000433921814 142 111 98
0.06495843082666397 -0.1586127132177353 0.9940000176429749 137 99 88
-0.018438246101140976 -0.15665829181671143 0.9920000433921814 131 104 96
-0.015172912739217281 -0.15665829181671143 0.9920000433921814 147 104 95
-0.011907581239938736 -0.15665829181671143 0.9920000433921814 150 102 94
-0.008659672923386097 -0.15697412192821503 0.9940000176429749 143 100 91
-0.00538775697350502 -0.15697412192821503 0.9940000176429749 141 105 95
-0.0021179700270295143 -0.15713204443454742 0.9950000643730164 134 104 97
0.0011595633113756776 -0.15744788944721222 0.9970000386238098 134 109 100
0.0044502634555101395 -0.15776373445987701 0.999000072479248 136 111 102
0.007738637737929821 -0.15776373445987701 0.999000072479248 137 110 102
0.01103804912418127 -0.1579216569662094 1.0 142 115 107
0.01435837522149086 -0.1582375019788742 1.002000093460083 149 122 114
0.01765662431716919 -0.1582375019788742 1.002000093460083 158 128 121
0.020975785329937935 -0.1583954244852066 1.003000020980835 161 131 124
0.02432573400437832 -0.1587112545967102 1.0049999952316284 158 131 125
0.027688855305314064 -0.1590271145105362 1.0070000886917114 157 132 125
0.031003562733530998 -0.1590271145105362 1.0070000886917114 155 130 123
0.034181948751211166 -0.1583954244852066 1.003000020980835 152 127 120
0.037446118891239166 -0.1582375019788742 1.002000093460083 148 123 116
0.04054104909300804 -0.15744788944721222 0.9970000386238098 140 115 108
0.04373493418097496 -0.15713204443454742 0.9950000643730164 138 108 101
0.04696289077401161 -0.15697412192821503 0.9940000176429749 134 100 92
0.05008319765329361 -0.15650035440921783 0.9910000562667847 139 105 97
0.05334523692727089 -0.15650035440921783 0.9910000562667847 137 103 95
0.05660727620124817 -0.15650035440921783 0.9910000562667847 135 101 93
0.059929728507995605 -0.15665829181671143 0.9920000433921814 146 115 106
0.06319506466388702 -0.15665829181671143 0.9920000433921814 129 100 88
-0.016924167051911354 -0.15611690282821655 0.999000072479248 147 101 93
-0.013635792769491673 -0.15611690282821655 0.999000072479248 154 102 93
-0.010347419418394566 -0.15611690282821655 0.999000072479248 147 100 89
-0.007059045601636171 -0.15611690282821655 0.999000072479248 137 101 91
-0.003770671784877777 -0.15611690282821655 0.999000072479248 133 103 96
-0.00048278027679771185 -0.15627317130565643 1.0 129 102 94
0.002814503153786063 -0.15658573806285858 1.002000093460083 130 103 95
0.006118852645158768 -0.15674200654029846 1.003000020980835 134 107 99
0.009439177811145782 -0.15705454349517822 1.0049999952316284 139 109 102
0.012747300788760185 -0.15705454349517822 1.0049999952316284 145 114 105
0.016055425629019737 -0.15705454349517822 1.0049999952316284 153 122 113
0.019421350210905075 -0.15752336382865906 1.0080000162124634 159 128 119
0.022784467786550522 -0.15783590078353882 1.0099999904632568 157 128 118
0.02610904909670353 -0.15783590078353882 1.0099999904632568 155 128 120
0.029491916298866272 -0.15814846754074097 1.0120000839233398 157 130 124
0.032758213579654694 -0.15783590078353882 1.0099999904632568 151 126 119
0.0359756238758564 -0.15736709535121918 1.0070000886917114 149 124 117
0.03913426026701927 -0.15674200654029846 1.003000020980835 143 116 110
0.04239349439740181 -0.15658573806285858 1.002000093460083 140 110 103
0.04546373710036278 -0.1558043509721756 0.9970000386238098 137 103 95
0.048647746443748474 -0.15549182891845703 0.9950000643730164 137 101 93
0.051766399294137955 -0.155022993683815 0.9920000433921814 138 102 94
0.055031727999448776 -0.155022993683815 0.9920000433921814 140 106 98
0.058297064155340195 -0.155022993683815 0.9920000433921814 141 110 99
0.06168651208281517 -0.15533554553985596 0.9940000176429749 141 112 100
0.06502377986907959 -0.15549182891845703 0.9950000643730164 135 101 91
-0.018568355590105057 -0.15447008609771729 0.999000072479248 126 104 96
-0.015279981307685375 -0.15447008609771729 0.999000072479248 150 103 92
-0.011991607025265694 -0.15447008609771729 0.999000072479248 153 99 91
-0.008703232742846012 -0.15447008609771729 0.999000072479248 141 96 85
-0.005414858926087618 -0.15447008609771729 0.999000072479248 134 100 90
-0.0021264846436679363 -0.15447008609771729 0.999000072479248 124 97 89
0.0011653787223622203 -0.15493395924568176 1.002000093460083 122 97 88
0.00446808198466897 -0.15508857369422913 1.003000020980835 124 99 92
0.007769622839987278 -0.15508857369422913 1.003000020980835 134 104 97
0.01109323836863041 -0.15539781749248505 1.0049999952316284 142 111 102
0.014401363208889961 -0.15539781749248505 1.0049999952316284 149 115 107
0.017744731158018112 -0.15570709109306335 1.0070000886917114 156 122 114
0.021080348640680313 -0.15586169064044952 1.0080000162124634 158 122 112
0.02444675751030445 -0.15617093443870544 1.0099999904632568 156 125 116
0.02782633528113365 -0.15648020803928375 1.0120000839233398 155 125 118
0.03115750104188919 -0.15648020803928375 1.0120000839233398 153 126 120
0.034420501440763474 -0.15617093443870544 1.0099999904632568 150 123 117
0.03763297572731972 -0.15570709109306335 1.0070000886917114 148 121 113
0.040744367986917496 -0.15493395924568176 1.002000093460083 139 112 104
0.04391075298190117 -0.15447008609771729 0.999000072479248 137 107 100
0.04710463061928749 -0.15416082739830017 0.9970000386238098 133 99 91
0.05028534680604935 -0.15385158360004425 0.9950000643730164 141 105 97
0.053506724536418915 -0.1536969542503357 0.9940000176429749 141 105 97
0.05677863582968712 -0.1536969542503357 0.9940000176429749 139 105 97
0.060110967606306076 -0.15385158360004425 0.9950000643730164 145 114 103
0.06351358443498611 -0.15416082739830017 0.9970000386238098 130 101 89
-0.02037440426647663 -0.15404707193374634 1.0070000886917114 117 101 96
-0.017059696838259697 -0.15404707193374634 1.0070000886917114 141 98 91
-0.01371768955141306 -0.15374109148979187 1.0049999952316284 150 101 89
-0.010409565642476082 -0.15374109148979187 1.0049999952316284 136 94 82
-0.0070873103104531765 -0.15343515574932098 1.003000020980835 127 96 87
-0.003785769222304225 -0.15343515574932098 1.003000020980835 126 101 92
-0.0004851941775996238 -0.15374109148979187 1.0049999952316284 121 96 87
0.0028285477310419083 -0.15404707193374634 1.0070000886917114 123 96 90
0.0061493548564612865 -0.15420001745224 1.0080000162124634 133 102 93
0.0094673540443182 -0.15420001745224 1.0080000162124634 142 108 98
0.012785352766513824 -0.15420001745224 1.0080000162124634 146 112 102
0.016135303303599358 -0.15450598299503326 1.0099999904632568 153 117 107
0.019498420879244804 -0.15481193363666534 1.0120000839233398 157 121 111
0.02285214327275753 -0.15496490895748138 1.0130000114440918 154 120 110
0.026238303631544113 -0.15527088940143585 1.0150001049041748 155 124 115
0.02963762730360031 -0.15557682514190674 1.0170000791549683 157 127 120
0.03285551443696022 -0.15496490895748138 1.0130000114440918 151 124 116
0.03615424782037735 -0.15481193363666534 1.0120000839233398 149 122 114
0.03932934254407883 -0.15420001745224 1.0080000162124634 145 115 108
0.04252041503787041 -0.15374109148979187 1.0049999952316284 140 110 103
0.045600537210702896 -0.15297621488571167 1.0 139 105 97
0.0487455278635025 -0.15251730382442474 0.9970000386238098 136 100 92
0.05192295089364052 -0.15221133828163147 0.9950000643730164 141 105 97
0.05514267832040787 -0.15205836296081543 0.9940000176429749 140 106 98
0.05841459333896637 -0.15205836296081543 0.9940000176429749 140 109 100
0.061748575419187546 -0.15221133828163147 0.9950000643730164 143 114 102
0.06515447795391083 -0.15251730382442474 0.9970000386238098 132 101 90
-0.01882857084274292 -0.15329501032829285 1.0130000114440918 112 103 96
-0.015478819608688354 -0.15314368903636932 1.0120000839233398 132 97 92
-0.012123645283281803 -0.1528410166501999 1.0099999904632568 134 91 82
-0.008799063041806221 -0.1528410166501999 1.0099999904632568 125 84 74
-0.005463640671223402 -0.15253837406635284 1.0080000162124634 126 94 88
-0.0021456419490277767 -0.15253837406635284 1.0080000162124634 122 97 90
0.0011770091950893402 -0.15314368903636932 1.0120000839233398 123 98 89
0.004508174955844879 -0.15314368903636932 1.0120000839233398 130 100 93
0.007839340716600418 -0.15314368903636932 1.0120000839233398 139 105 97
0.011181543581187725 -0.15329501032829285 1.0130000114440918 146 110 100
0.014544662088155746 -0.1535976678133011 1.0150001049041748 149 113 103
0.01788570173084736 -0.1535976678133011 1.0150001049041748 155 119 109
0.0212685689330101 -0.15390032529830933 1.0170000791549683 157 119 110
0.024688808247447014 -0.1543543040752411 1.0200001001358032 159 123 113
0.02804630622267723 -0.1543543040752411 1.0200001001358032 155 124 115
0.0314038060605526 -0.1543543040752411 1.0200001001358032 155 123 117
0.034693144261837006 -0.15405164659023285 1.0180000066757202 153 123 116
0.03793194890022278 -0.1535976678133011 1.0150001049041748 150 120 113
0.040988340973854065 -0.15253837406635284 1.0080000162124634 143 113 106
0.044262390583753586 -0.15238705277442932 1.0070000886917114 138 108 101
0.04738811030983925 -0.15178172290325165 1.003000020980835 134 100 92
0.05048749968409538 -0.15117642283439636 0.999000072479248 142 106 98
0.05356055498123169 -0.15057112276554108 0.9950000643730164 139 103 95
0.05683576315641403 -0.15057112276554108 0.9950000643730164 140 106 98
0.06023179367184639 -0.15087376534938812 0.9970000386238098 145 114 105
0.06364099681377411 -0.15117642283439636 0.999000072479248 131 102 92
-0.0205362681299448 -0.15192446112632751 1.0150001049041748 108 104 97
-0.01716134324669838 -0.15162509679794312 1.0130000114440918 122 96 92
-0.013785936869680882 -0.15117605030536652 1.0099999904632568 128 92 82
-0.0104613546282053 -0.15117605030536652 1.0099999904632568 121 83 72
-0.007122640032321215 -0.1508767008781433 1.0080000162124634 118 83 78
-0.003804641542956233 -0.1508767008781433 1.0080000162124634 125 98 92
-0.00048760807840153575 -0.15117605030536652 1.0099999904632568 124 97 89
0.0028425920754671097 -0.1514754295349121 1.0120000839233398 132 100 94
0.006173757836222649 -0.1514754295349121 1.0120000839233398 136 102 94
0.00951431505382061 -0.15162509679794312 1.0130000114440918 143 107 97
0.01284877210855484 -0.15162509679794312 1.0130000114440918 147 109 100
0.016215182840824127 -0.15192446112632751 1.0150001049041748 151 113 104
0.01959475688636303 -0.15222382545471191 1.0170000791549683 157 119 110
0.02296493761241436 -0.15237349271774292 1.0180000066757202 156 120 110
0.026367556303739548 -0.15267285704612732 1.0200001001358032 157 123 113
0.02978333830833435 -0.15297222137451172 1.0220000743865967 158 127 118
0.033017683774232864 -0.15237349271774292 1.0180000066757202 154 124 117
0.0362614244222641 -0.15192446112632751 1.0150001049041748 152 122 115
0.03952443227171898 -0.15162509679794312 1.0130000114440918 150 120 113
0.0426473431289196 -0.1508767008781433 1.0080000162124634 144 112 106
0.045737337321043015 -0.1501283049583435 1.003000020980835 141 110 101
0.04889220371842384 -0.1496792584657669 1.0 136 100 92
0.052131686359643936 -0.1495296061038971 0.999000072479248 142 106 98
0.05519816279411316 -0.1489308774471283 0.9950000643730164 139 105 97
0.05859089642763138 -0.1492302268743515 0.9970000386238098 140 106 98
0.0618726909160614 -0.1492302268743515 0.9970000386238098 141 112 102
0.06535053253173828 -0.1496792584657669 1.0 134 100 90
-0.020677896216511726 -0.15128746628761292 1.0220000743865967 108 103 99
-0.017279932275414467 -0.15099142491817474 1.0200001001358032 117 96 93
-0.013854186050593853 -0.15025125443935394 1.0150001049041748 121 87 79
-0.010513144545257092 -0.15025125443935394 1.0150001049041748 119 81 70
-0.0071579706855118275 -0.14995518326759338 1.0130000114440918 119 81 72
-0.0038235133979469538 -0.14995518326759338 1.0130000114440918 126 97 87
-0.0004900220083072782 -0.15025125443935394 1.0150001049041748 127 98 88
0.002851018914952874 -0.15025125443935394 1.0150001049041748 133 102 93
0.006204260513186455 -0.1505473256111145 1.0170000791549683 138 102 94
0.009561276063323021 -0.150695338845253 1.0180000066757202 144 106 97
0.012912191450595856 -0.150695338845253 1.0180000066757202 147 106 98
0.016327010467648506 -0.15128746628761292 1.0220000743865967 150 112 103
0.019691092893481255 -0.15128746628761292 1.0220000743865967 154 116 107
0.02307773195207119 -0.1514354944229126 1.0230000019073486 156 120 110
0.02644510753452778 -0.1514354944229126 1.0230000019073486 157 123 113
0.02992904931306839 -0.15202763676643372 1.027000069618225 160 126 118
0.03317985311150551 -0.1514354944229126 1.0230000019073486 155 124 115
0.036440055817365646 -0.15099142491817474 1.0200001001358032 154 123 114
0.03968049958348274 -0.1505473256111145 1.0170000791549683 153 122 113
0.04285888746380806 -0.14995518326759338 1.0130000114440918 146 115 106
0.04596533998847008 -0.14921504259109497 1.0080000162124634 140 109 100
0.04913666099309921 -0.14877094328403473 1.0049999952316284 137 100 95
0.0522882379591465 -0.14832685887813568 1.002000093460083 143 107 99
0.05547553300857544 -0.14803078770637512 1.0 139 103 95
0.05876719951629639 -0.14803078770637512 1.0 140 106 98
0.06218298524618149 -0.14832685887813568 1.002000093460083 141 112 102
0.06554658710956573 -0.14847487211227417 1.003000020980835 132 98 88
-0.01905161514878273 -0.1500418782234192 1.0250000953674316 106 103 98
-0.01564706675708294 -0.14974910020828247 1.0230000019073486 111 92 88
-0.01226768922060728 -0.1496027410030365 1.0220000743865967 117 86 77
-0.008886183612048626 -0.14930996298789978 1.0200001001358032 121 80 70
-0.005528684705495834 -0.14930996298789978 1.0200001001358032 128 85 76
-0.002171185566112399 -0.14930996298789978 1.0200001001358032 132 98 88
0.001186313689686358 -0.14930996298789978 1.0200001001358032 134 103 92
0.004552722442895174 -0.1496027410030365 1.0220000743865967 136 102 94
0.007916804403066635 -0.1496027410030365 1.0220000743865967 141 105 97
0.011314001865684986 -0.1500418782234192 1.0250000953674316 143 105 96
0.014687959104776382 -0.1500418782234192 1.0250000953674316 148 107 99
0.018097158521413803 -0.15033464133739471 1.027000069618225 154 113 105
0.021477699279785156 -0.15033464133739471 1.027000069618225 156 118 109
0.024882443249225616 -0.15048101544380188 1.027999997138977 157 121 111
0.028321269899606705 -0.1507737934589386 1.03000009059906 157 123 113
0.031650107353925705 -0.15048101544380188 1.027999997138977 158 124 116
0.03499986231327057 -0.15033464133739471 1.027000069618225 155 124 115
0.03819354623556137 -0.1496027410030365 1.0220000743865967 155 124 115
0.04139497131109238 -0.14901718497276306 1.0180000066757202 151 120 111
0.044614028185606 -0.14857806265354156 1.0150001049041748 147 116 107
0.04786057025194168 -0.14828528463840485 1.0130000114440918 137 103 95
0.050891805440187454 -0.14740699529647827 1.0070000886917114 145 108 103
0.05399119108915329 -0.14682145416736603 1.003000020980835 139 103 95
0.05729273334145546 -0.14682145416736603 1.003000020980835 142 106 98
0.060715094208717346 -0.14711421728134155 1.0049999952316284 149 113 105
0.06415063887834549 -0.14740699529647827 1.0070000886917114 137 106 97
0.06746534258127213 -0.14740699529647827 1.0070000886917114 148 114 104
-0.017364637926220894 -0.14835219085216522 1.0250000953674316 112 93 87
-0.01394973136484623 -0.1479179859161377 1.0220000743865967 121 87 77
-0.010564933530986309 -0.1476285308599472 1.0200001001358032 126 84 70
-0.007207433693110943 -0.1476285308599472 1.0200001001358032 128 83 70
-0.003849935019388795 -0.1476285308599472 1.0200001001358032 133 93 80
-0.0004924359382130206 -0.1476285308599472 1.0200001001358032 132 98 86
0.002865063026547432 -0.1476285308599472 1.0200001001358032 136 102 92
0.006234763655811548 -0.1479179859161377 1.0220000743865967 137 101 91
0.009627022780478 -0.14835219085216522 1.0250000953674316 140 102 93
0.013000980019569397 -0.14835219085216522 1.0250000953674316 144 103 95
0.016406888142228127 -0.1486416608095169 1.027000069618225 149 108 100
0.01978742890059948 -0.1486416608095169 1.027000069618225 153 117 107
0.02319052629172802 -0.14878638088703156 1.027999997138977 157 121 111
0.026574360206723213 -0.14878638088703156 1.027999997138977 157 123 113
0.030016480013728142 -0.14907586574554443 1.03000009059906 158 124 116
0.03330959379673004 -0.1486416608095169 1.027000069618225 158 127 118
0.0365472286939621 -0.14806270599365234 1.0230000019073486 158 127 118
0.039875589311122894 -0.1479179859161377 1.0220000743865967 159 128 119
0.04307043179869652 -0.14733904600143433 1.0180000066757202 151 120 109
0.04619334638118744 -0.14661537110805511 1.0130000114440918 153 117 109
0.04928334057331085 -0.1458917111158371 1.0080000162124634 140 102 95
0.05254915729165077 -0.14574699103832245 1.0070000886917114 146 108 101
0.055641960352659225 -0.14516803622245789 1.003000020980835 145 109 101
0.058943502604961395 -0.14516803622245789 1.003000020980835 143 105 98
0.06236916035413742 -0.14545750617980957 1.0049999952316284 148 114 106
0.06580799072980881 -0.14574699103832245 1.0070000886917114 131 95 85
-0.01914454996585846 -0.14737793803215027 1.03000009059906 101 99 91
-0.01570824719965458 -0.1469486653804779 1.027000069618225 112 92 84
-0.012303700670599937 -0.14666250348091125 1.0250000953674316 120 86 74
-0.008903606794774532 -0.14623324573040009 1.0220000743865967 129 88 71
-0.005539524834603071 -0.14623324573040009 1.0220000743865967 133 87 71
-0.0021754426416009665 -0.14623324573040009 1.0220000743865967 137 93 77
0.0011886396678164601 -0.14623324573040009 1.0220000743865967 140 100 87
0.004552722442895174 -0.14623324573040009 1.0220000743865967 138 100 89
0.007924550212919712 -0.1463763266801834 1.0230000019073486 139 101 92
0.011336077004671097 -0.1469486653804779 1.027000069618225 139 101 92
0.01471661776304245 -0.1469486653804779 1.027000069618225 146 105 97
0.018114779144525528 -0.14709174633026123 1.027999997138977 153 112 104
0.021540438756346703 -0.14737793803215027 1.03000009059906 156 120 110
0.02497926354408264 -0.14766409993171692 1.0320000648498535 158 122 112
0.0283762626349926 -0.14766409993171692 1.0320000648498535 160 126 116
0.03171168640255928 -0.14737793803215027 1.03000009059906 162 128 120
0.0350339375436306 -0.14709174633026123 1.027999997138977 163 129 121
0.03823091462254524 -0.1463763266801834 1.0230000019073486 163 129 121
0.04155762866139412 -0.14623324573040009 1.0220000743865967 162 128 120
0.04474588856101036 -0.1456608921289444 1.0180000066757202 156 122 112
0.04804956167936325 -0.14551781117916107 1.0170000791549683 151 115 105
0.05104341357946396 -0.1445161998271942 1.0099999904632568 152 111 105
0.054260339587926865 -0.14423003792762756 1.0080000162124634 152 109 102
0.05757833644747734 -0.14423003792762756 1.0080000162124634 152 111 103
0.060896340757608414 -0.14423003792762756 1.0080000162124634 152 114 107
0.06434173882007599 -0.1445161998271942 1.0099999904632568 142 108 100
0.06766632199287415 -0.1445161998271942 1.0099999904632568 147 113 105
-0.015754135325551033 -0.1456799954175949 1.03000009059906 115 93 83
-0.0123277073726058 -0.1452556848526001 1.027000069618225 122 89 74
-0.008912318386137486 -0.14468993246555328 1.0230000019073486 131 90 73
-0.005539524834603071 -0.14454850554466248 1.0220000743865967 137 89 72
-0.0021754426416009665 -0.14454850554466248 1.0220000743865967 138 92 74
0.0011886396678164601 -0.14454850554466248 1.0220000743865967 140 98 84
0.004552722442895174 -0.14454850554466248 1.0220000743865967 139 99 86
0.007924550212919712 -0.14468993246555328 1.0230000019073486 138 100 89
0.011336077004671097 -0.1452556848526001 1.027000069618225 139 101 92
0.014730947092175484 -0.1453971117734909 1.027999997138977 146 105 97
0.018150024116039276 -0.1456799954175949 1.03000009059906 153 112 104
0.021582264453172684 -0.14596286416053772 1.0320000648498535 155 119 109
0.02500346675515175 -0.14610429108142853 1.0329999923706055 158 122 112
0.02840375527739525 -0.14610429108142853 1.0329999923706055 163 127 117
0.03177326172590256 -0.14596286416053772 1.0320000648498535 164 130 120
0.035102102905511856 -0.1456799954175949 1.03000009059906 167 133 123
0.03830566257238388 -0.1449728161096573 1.0250000953674316 165 131 121
0.04159828647971153 -0.14468993246555328 1.0230000019073486 164 130 120
0.04492171108722687 -0.14454850554466248 1.0220000743865967 158 124 114
0.04819130152463913 -0.14426563680171967 1.0200001001358032 156 118 109
0.05119502916932106 -0.14327555894851685 1.0130000114440918 154 113 105
0.05447566136717796 -0.14313413202762604 1.0120000839233398 154 111 104
0.057806823402643204 -0.14313413202762604 1.0120000839233398 154 113 105
0.06113799288868904 -0.14313413202762604 1.0120000839233398 154 116 107
0.06453285366296768 -0.14327555894851685 1.0130000114440918 144 110 100
0.06786731630563736 -0.14327555894851685 1.0130000114440918 143 109 101
-0.015754135325551033 -0.14398206770420074 1.03000009059906 117 92 83
-0.0123277073726058 -0.1435627043247223 1.027000069618225 125 90 75
-0.008912318386137486 -0.14300352334976196 1.0230000019073486 133 89 73
-0.005539524834603071 -0.14286375045776367 1.0220000743865967 140 89 73
-0.002171185566112399 -0.1425841748714447 1.0200001001358032 138 90 73
0.001186313689686358 -0.1425841748714447 1.0200001001358032 138 94 78
0.004543812945485115 -0.1425841748714447 1.0200001001358032 134 94 79
0.007916804403066635 -0.14286375045776367 1.0220000743865967 137 99 88
0.011314001865684986 -0.14328312873840332 1.0250000953674316 139 101 90
0.01471661776304245 -0.1435627043247223 1.027000069618225 145 107 96
0.018150024116039276 -0.14398206770420074 1.03000009059906 154 113 103
0.021582264453172684 -0.14426162838935852 1.0320000648498535 156 118 109
0.02500346675515175 -0.144401416182518 1.0329999923706055 159 123 113
0.02840375527739525 -0.144401416182518 1.0329999923706055 165 129 119
0.03177326172590256 -0.14426162838935852 1.0320000648498535 167 133 123
0.035102102905511856 -0.14398206770420074 1.03000009059906 168 134 124
0.03830566257238388 -0.14328312873840332 1.0250000953674316 167 133 123
0.04159828647971153 -0.14300352334976196 1.0230000019073486 167 133 123
0.04492171108722687 -0.14286375045776367 1.0220000743865967 164 128 118
0.04819130152463913 -0.1425841748714447 1.0200001001358032 159 121 112
0.05119502916932106 -0.14160564541816711 1.0130000114440918 156 113 106
0.05447566136717796 -0.14146587252616882 1.0120000839233398 155 112 105
0.057806823402643204 -0.14146587252616882 1.0120000839233398 155 114 106
0.06113799288868904 -0.14146587252616882 1.0120000839233398 154 116 107
0.06453285366296768 -0.14160564541816711 1.0130000114440918 148 114 104
0.06786731630563736 -0.14160564541816711 1.0130000114440918 138 107 98
-0.015784723684191704 -0.14256040751934052 1.0320000648498535 117 92 83
-0.012339710257947445 -0.14200784265995026 1.027999997138977 125 90 75
-0.008912318386137486 -0.14131714403629303 1.0230000019073486 133 89 73
-0.005539524834603071 -0.14117901027202606 1.0220000743865967 139 88 72
-0.002171185566112399 -0.14090274274349213 1.0200001001358032 137 89 72
0.001186313689686358 -0.14090274274349213 1.0200001001358032 138 92 76
0.004543812945485115 -0.14090274274349213 1.0200001001358032 127 85 71
0.007916804403066635 -0.14117901027202606 1.0220000743865967 135 94 88
0.011314001865684986 -0.14159344136714935 1.0250000953674316 141 100 92
0.01471661776304245 -0.1418697088956833 1.027000069618225 147 109 100
0.018150024116039276 -0.14228413999080658 1.03000009059906 153 115 106
0.021582264453172684 -0.14256040751934052 1.0320000648498535 156 118 109
0.02505187690258026 -0.1429748237133026 1.0350000858306885 159 123 113
0.02840375527739525 -0.14269854128360748 1.0329999923706055 166 130 120
0.03180404752492905 -0.14269854128360748 1.0329999923706055 170 134 124
0.035204336047172546 -0.14269854128360748 1.0329999923706055 169 135 125
0.03841777145862579 -0.14200784265995026 1.027999997138977 168 134 124
0.041760943830013275 -0.1418697088956833 1.027000069618225 169 135 125
0.045053575187921524 -0.14159344136714935 1.0250000953674316 166 130 120
0.04833303764462471 -0.14131714403629303 1.0230000019073486 161 123 114
0.05144771933555603 -0.1406264454126358 1.0180000066757202 156 113 106
0.05474480986595154 -0.14048831164836884 1.0170000791549683 156 113 106
0.05797819048166275 -0.1402120441198349 1.0150001049041748 156 115 107
0.061440058052539825 -0.14048831164836884 1.0170000791549683 154 116 107
0.06478767842054367 -0.14048831164836884 1.0170000791549683 150 116 106
0.06813530623912811 -0.14048831164836884 1.0170000791549683 133 104 94
-0.014031626284122467 -0.14031320810317993 1.027999997138977 125 89 77
-0.010616721585392952 -0.1399037390947342 1.0250000953674316 133 88 75
-0.007221566513180733 -0.13949427008628845 1.0220000743865967 139 88 72
-0.003849935019388795 -0.13922128081321716 1.0200001001358032 140 89 73
-0.0004909875569865108 -0.13881181180477142 1.0170000791549683 138 90 73
0.002856636419892311 -0.13881181180477142 1.0170000791549683 129 87 75
0.006210360676050186 -0.13894829154014587 1.0180000066757202 126 85 77
0.00959884561598301 -0.13949427008628845 1.0220000743865967 139 98 90
0.012975610792636871 -0.1396307498216629 1.0230000019073486 147 109 100
0.01645481400191784 -0.14058619737625122 1.03000009059906 154 116 107
0.019883764907717705 -0.1408591866493225 1.0320000648498535 156 118 109
0.02330332063138485 -0.14099566638469696 1.0329999923706055 159 121 112
0.02675531432032585 -0.14126865565776825 1.0350000858306885 165 129 119
0.030220473185181618 -0.14154164493083954 1.037000060081482 170 134 124
0.033504191786050797 -0.14099566638469696 1.0329999923706055 170 136 126
0.036904484033584595 -0.14099566638469696 1.0329999923706055 169 135 125
0.0402657613158226 -0.1408591866493225 1.0320000648498535 170 136 126
0.043493516743183136 -0.14031320810317993 1.027999997138977 169 135 125
0.046831753104925156 -0.14017672836780548 1.027000069618225 166 130 120
0.05011451244354248 -0.1399037390947342 1.0250000953674316 160 119 111
0.05333191528916359 -0.13949427008628845 1.0220000743865967 159 116 107
0.056585051119327545 -0.13922128081321716 1.0200001001358032 156 115 105
0.05994255095720291 -0.13922128081321716 1.0200001001358032 152 114 105
0.06330005079507828 -0.13922128081321716 1.0200001001358032 154 120 110
0.06678824871778488 -0.13949427008628845 1.0220000743865967 125 99 88
-0.015784723684191704 -0.1391579657793045 1.0320000648498535 110 92 83
-0.0123277073726058 -0.13848373293876648 1.027000069618225 119 88 77
-0.008886183612048626 -0.1375398486852646 1.0200001001358032 134 89 78
-0.005517843645066023 -0.13727013766765594 1.0180000066757202 138 90 75
-0.0021647997200489044 -0.137135311961174 1.0170000791549683 145 94 78
0.0011781720677390695 -0.1365959346294403 1.0130000114440918 141 90 74
0.004512629471719265 -0.1365959346294403 1.0130000114440918 124 79 68
0.007878072559833527 -0.137135311961174 1.0170000791549683 132 89 82
0.011291923932731152 -0.13794435560703278 1.0230000019073486 145 104 96
0.014687959104776382 -0.13821405172348022 1.0250000953674316 151 113 104
0.018114779144525528 -0.1386185735464096 1.027999997138977 156 118 109
0.021582264453172684 -0.1391579657793045 1.0320000648498535 157 119 110
0.02505187690258026 -0.1395624876022339 1.0350000858306885 163 125 116
0.028458749875426292 -0.1395624876022339 1.0350000858306885 167 131 121
0.03186562657356262 -0.1395624876022339 1.0350000858306885 172 136 126
0.035204336047172546 -0.13929279148578644 1.0329999923706055 171 137 127
0.038567256182432175 -0.1391579657793045 1.0320000648498535 171 137 127
0.04180160164833069 -0.1386185735464096 1.027999997138977 172 138 128
0.04518543556332588 -0.1386185735464096 1.027999997138977 168 134 124
0.04852202534675598 -0.13848373293876648 1.027000069618225 161 127 117
0.051649875938892365 -0.13780952990055084 1.0220000743865967 157 119 108
0.05490630120038986 -0.1375398486852646 1.0200001001358032 156 115 105
0.05826380103826523 -0.1375398486852646 1.0200001001358032 158 117 107
0.061621300876140594 -0.1375398486852646 1.0200001001358032 153 115 104
0.06497879326343536 -0.1375398486852646 1.0200001001358032 149 115 105
0.06833629310131073 -0.1375398486852646 1.0200001001358032 119 94 85
-0.014017978683114052 -0.13679075241088867 1.027000069618225 117 86 77
-0.01059600617736578 -0.13625797629356384 1.0230000019073486 129 87 75
-0.007207433693110943 -0.13585840165615082 1.0200001001358032 136 88 73
-0.003842385718598962 -0.1355919986963272 1.0180000066757202 141 90 74
-0.0004890564014203846 -0.13492602109909058 1.0130000114440918 153 100 85
0.0028454007115215063 -0.13492602109909058 1.0130000114440918 138 87 73
0.006204260513186455 -0.1354588121175766 1.0170000791549683 128 82 74
0.00958006177097559 -0.13585840165615082 1.0200001001358032 139 98 90
0.012975610792636871 -0.13625797629356384 1.0230000019073486 149 111 102
0.01642286218702793 -0.13692393898963928 1.027999997138977 153 115 106
0.019883764907717705 -0.1374567300081253 1.0320000648498535 157 119 110
0.02330332063138485 -0.13758991658687592 1.0329999923706055 160 122 113
0.026807015761733055 -0.13812269270420074 1.037000060081482 167 129 120
0.030220473185181618 -0.13812269270420074 1.037000060081482 170 134 124
0.03356906399130821 -0.13785631954669952 1.0350000858306885 171 137 127
0.03697593882679939 -0.13785631954669952 1.0350000858306885 170 136 126
0.040304772555828094 -0.13758991658687592 1.0329999923706055 172 138 128
0.04366275668144226 -0.1374567300081253 1.0320000648498535 170 136 126
0.04696855694055557 -0.1371903419494629 1.03000009059906 167 133 123
0.05026118457317352 -0.13692393898963928 1.027999997138977 160 122 111
0.05359283834695816 -0.13679075241088867 1.027000069618225 157 119 108
0.056751471012830734 -0.13625797629356384 1.0230000019073486 153 115 104
0.06011884659528732 -0.13625797629356384 1.0230000019073486 153 115 104
0.06361033767461777 -0.13652437925338745 1.0250000953674316 151 117 107
0.06711500138044357 -0.13679075241088867 1.027000069618225 119 99 91
-0.014017978683114052 -0.13509777188301086 1.027000069618225 111 84 76
-0.01059600617736578 -0.13457156717777252 1.0230000019073486 129 87 75
-0.007207433693110943 -0.13417695462703705 1.0200001001358032 131 84 71
-0.003842385718598962 -0.13391384482383728 1.0180000066757202 141 90 76
-0.0004890564014203846 -0.13325612246990204 1.0130000114440918 157 104 87
0.0028425920754671097 -0.13312457501888275 1.0120000839233398 155 102 87
0.006192059721797705 -0.1335192173719406 1.0150001049041748 136 89 78
0.009561276063323021 -0.13391384482383728 1.0180000066757202 140 97 90
0.012962928041815758 -0.13444003462791443 1.0220000743865967 149 108 100
0.01642286218702793 -0.13522930443286896 1.027999997138977 153 112 104
0.019883764907717705 -0.1357554942369461 1.0320000648498535 159 118 110
0.02330332063138485 -0.1358870267868042 1.0329999923706055 160 122 113
0.026807015761733055 -0.13641323149204254 1.037000060081482 167 129 120
0.030220473185181618 -0.13641323149204254 1.037000060081482 171 135 125
0.03356906399130821 -0.13615013659000397 1.0350000858306885 171 137 127
0.03697593882679939 -0.13615013659000397 1.0350000858306885 170 136 126
0.040304772555828094 -0.1358870267868042 1.0329999923706055 174 140 130
0.04366275668144226 -0.1357554942369461 1.0320000648498535 171 137 127
0.04696855694055557 -0.13549239933490753 1.03000009059906 168 134 124
0.05035897344350815 -0.13549239933490753 1.03000009059906 162 126 114
0.053749386221170425 -0.13549239933490753 1.03000009059906 157 119 108
0.05702884867787361 -0.13522930443286896 1.027999997138977 153 115 104
0.060412678867578506 -0.13522930443286896 1.027999997138977 152 116 104
0.06392063200473785 -0.13549239933490753 1.03000009059906 147 116 105
0.06731104850769043 -0.13549239933490753 1.03000009059906 120 105 95
-0.014058927074074745 -0.13379447162151337 1.03000009059906 106 86 76
-0.010616721585392952 -0.13314498960971832 1.0250000953674316 123 85 74
-0.007221566513180733 -0.13275529444217682 1.0220000743865967 128 83 70
-0.003842385718598962 -0.13223569095134735 1.0180000066757202 148 97 81
-0.0004890564014203846 -0.1315862089395523 1.0130000114440918 160 107 90
0.0028425920754671097 -0.13145631551742554 1.0120000839233398 162 106 90
0.006192059721797705 -0.13184601068496704 1.0150001049041748 141 92 80
0.009551884606480598 -0.13210581243038177 1.0170000791549683 144 99 88
0.012962928041815758 -0.13275529444217682 1.0220000743865967 150 107 98
0.01642286218702793 -0.13353466987609863 1.027999997138977 153 110 103
0.019883764907717705 -0.1340542733669281 1.0320000648498535 159 118 110
0.02330332063138485 -0.13418415188789368 1.0329999923706055 162 121 113
0.026807015761733055 -0.13470375537872314 1.037000060081482 168 130 121
0.030249616131186485 -0.1348336637020111 1.0380001068115234 173 135 126
0.03363392874598503 -0.13470375537872314 1.037000060081482 171 137 127
0.037047386169433594 -0.13470375537872314 1.037000060081482 171 137 127
0.040460843592882156 -0.13470375537872314 1.037000060081482 175 141 131
0.043789688497781754 -0.1344439685344696 1.0350000858306885 172 138 128
0.04710535332560539 -0.13418415188789368 1.0329999923706055 169 135 125
0.05050564557313919 -0.13418415188789368 1.0329999923706055 163 129 119
0.053749386221170425 -0.13379447162151337 1.03000009059906 157 119 110
0.05702884867787361 -0.13353466987609863 1.027999997138977 153 115 106
0.060412678867578506 -0.13353466987609863 1.027999997138977 150 116 106
0.06392063200473785 -0.13379447162151337 1.03000009059906 139 113 102
0.06731104850769043 -0.13379447162151337 1.03000009059906 118 105 94
-0.014058927074074745 -0.1320965439081192 1.03000009059906 104 90 82
-0.010637436993420124 -0.13171179592609406 1.027000069618225 122 86 76
-0.007221566513180733 -0.13107053935527802 1.0220000743865967 127 82 69
-0.003849935019388795 -0.1308140605688095 1.0200001001358032 152 104 87
-0.0004890564014203846 -0.12991631031036377 1.0130000114440918 163 107 91
0.0028425920754671097 -0.12978805601596832 1.0120000839233398 166 108 92
0.006192059721797705 -0.13017280399799347 1.0150001049041748 146 98 83
0.009551884606480598 -0.13042929768562317 1.0170000791549683 147 102 91
0.012962928041815758 -0.13107053935527802 1.0220000743865967 149 107 95
0.01642286218702793 -0.1318400353193283 1.027999997138977 153 110 101
0.019883764907717705 -0.1323530375957489 1.0320000648498535 159 116 107
0.02334844134747982 -0.13273778557777405 1.0350000858306885 164 121 112
0.02683286741375923 -0.1331225335597992 1.0380001068115234 172 131 121
0.030307898297905922 -0.1333790272474289 1.040000081062317 174 136 125
0.03366636484861374 -0.1331225335597992 1.0380001068115234 171 137 127
0.03708311542868614 -0.1331225335597992 1.0380001068115234 172 138 128
0.040460843592882156 -0.13299427926540375 1.037000060081482 175 141 131
0.04387430474162102 -0.13299427926540375 1.037000060081482 172 138 128
0.047196559607982635 -0.13273778557777405 1.0350000858306885 169 135 125
0.050603434443473816 -0.13273778557777405 1.0350000858306885 165 131 121
0.053853753954172134 -0.1323530375957489 1.0320000648498535 157 119 110
0.0571398064494133 -0.1320965439081192 1.03000009059906 153 115 106
0.06053021550178528 -0.1320965439081192 1.03000009059906 146 115 106
0.06404475122690201 -0.1323530375957489 1.0320000648498535 131 109 99
0.06744174659252167 -0.1323530375957489 1.0320000648498535 115 106 97
-0.012363718822598457 -0.13039861619472504 1.03000009059906 100 91 84
-0.008903606794774532 -0.1293858140707016 1.0220000743865967 114 83 74
-0.005528684705495834 -0.12913261353969574 1.0200001001358032 140 98 86
-0.0021647997200489044 -0.12875279784202576 1.0170000791549683 157 111 93
0.0011781720677390695 -0.12824639678001404 1.0130000114440918 166 110 94
0.004508174955844879 -0.1281197965145111 1.0120000839233398 162 104 88
0.007862580008804798 -0.1284996122121811 1.0150001049041748 150 104 86
0.011258810758590698 -0.12913261353969574 1.0200001001358032 148 103 92
0.014659298583865166 -0.12951239943504333 1.0230000019073486 150 108 96
0.018114779144525528 -0.13014540076255798 1.027999997138977 156 113 104
0.021582264453172684 -0.1306518167257309 1.0320000648498535 164 121 112
0.02512449212372303 -0.13141141831874847 1.0380001068115234 171 128 119
0.028541242703795433 -0.13141141831874847 1.0380001068115234 175 134 124
0.032019566744565964 -0.13166461884975433 1.040000081062317 174 136 125
0.03537474200129509 -0.13141141831874847 1.0380001068115234 175 141 129
0.038754113018512726 -0.13128481805324554 1.037000060081482 175 144 133
0.04216757416725159 -0.13128481805324554 1.037000060081482 176 145 134
0.045493122190237045 -0.13103161752223969 1.0350000858306885 171 137 127
0.048899997025728226 -0.13103161752223969 1.0350000858306885 169 135 125
0.052155252546072006 -0.1306518167257309 1.0320000648498535 162 126 114
0.05544459447264671 -0.13039861619472504 1.03000009059906 156 118 107
0.05883501097559929 -0.13039861619472504 1.03000009059906 149 113 103
0.062225427478551865 -0.13039861619472504 1.03000009059906 132 105 97
0.06574325263500214 -0.1306518167257309 1.0320000648498535 130 111 105
0.0691402480006218 -0.1306518167257309 1.0320000648498535 101 94 84
-0.010637436993420124 -0.12832581996917725 1.027000069618225 114 87 79
-0.007228631991893053 -0.1278260052204132 1.0230000019073486 121 80 70
-0.003849935019388795 -0.12745115160942078 1.0200001001358032 146 100 84
-0.0004900220083072782 -0.12682640552520752 1.0150001049041748 158 105 88
0.0028454007115215063 -0.1265764832496643 1.0130000114440918 167 109 93
0.006192059721797705 -0.12682640552520752 1.0150001049041748 151 103 86
0.009551884606480598 -0.12707629799842834 1.0170000791549683 147 105 93
0.012937560677528381 -0.12745115160942078 1.0200001001358032 148 105 96
0.01634298451244831 -0.1278260052204132 1.0230000019073486 153 110 101
0.019883764907717705 -0.1289505809545517 1.0320000648498535 162 119 110
0.02334844134747982 -0.12932543456554413 1.0350000858306885 169 126 117
0.02683286741375923 -0.12970028817653656 1.0380001068115234 174 133 123
0.030307898297905922 -0.12995019555091858 1.040000081062317 175 137 126
0.033731233328580856 -0.12995019555091858 1.040000081062317 177 143 131
0.03715456649661064 -0.12995019555091858 1.040000081062317 177 146 135
0.040499862283468246 -0.12970028817653656 1.0380001068115234 175 144 135
0.04387430474162102 -0.12957534193992615 1.037000060081482 175 141 133
0.04728775843977928 -0.12957534193992615 1.037000060081482 169 135 127
0.050603434443473816 -0.12932543456554413 1.0350000858306885 168 134 124
0.05390593037009239 -0.1290755271911621 1.0329999923706055 156 118 109
0.05725075677037239 -0.1289505809545517 1.0320000648498535 141 109 103
0.06064775213599205 -0.1289505809545517 1.0320000648498535 129 108 105
0.06404475122690201 -0.1289505809545517 1.0320000648498535 118 104 96
0.06750709563493729 -0.1290755271911621 1.0329999923706055 114 107 97
-0.01239972934126854 -0.1273726522922516 1.0329999923706055 98 96 88
-0.008929743431508541 -0.12638624012470245 1.0250000953674316 109 84 75
-0.005539524834603071 -0.12601631879806519 1.0220000743865967 125 84 74
-0.0021669280249625444 -0.12552309036254883 1.0180000066757202 151 106 93
0.001180498395115137 -0.12515319883823395 1.0150001049041748 159 108 92
0.004512629471719265 -0.12490657716989517 1.0130000114440918 156 100 84
0.007862580008804798 -0.12515319883823395 1.0150001049041748 153 105 90
0.011258810758590698 -0.1257697194814682 1.0200001001358032 145 104 94
0.014659298583865166 -0.12613961100578308 1.0230000019073486 148 107 97
0.018097158521413803 -0.12663282454013824 1.027000069618225 158 117 107
0.021582264453172684 -0.1272493451833725 1.0320000648498535 167 124 115
0.02512449212372303 -0.12798918783664703 1.0380001068115234 174 131 122
0.02859623357653618 -0.12823578715324402 1.040000081062317 179 138 128
0.032019566744565964 -0.12823578715324402 1.040000081062317 175 137 126
0.03544289618730545 -0.12823578715324402 1.040000081062317 175 141 131
0.038866229355335236 -0.12823578715324402 1.040000081062317 175 144 135
0.0422082394361496 -0.12798918783664703 1.0380001068115234 175 144 135
0.0456249862909317 -0.12798918783664703 1.0380001068115234 169 138 129
0.04899448901414871 -0.12786586582660675 1.037000060081482 166 135 126
0.05220578983426094 -0.1273726522922516 1.0329999923706055 157 123 113
0.05555225536227226 -0.1272493451833725 1.0320000648498535 144 110 102
0.05900637060403824 -0.1273726522922516 1.0329999923706055 128 105 100
0.06234624981880188 -0.1272493451833725 1.0320000648498535 118 104 100
0.06574325263500214 -0.1272493451833725 1.0320000648498535 123 112 107
0.06920724362134933 -0.1273726522922516 1.0329999923706055 101 94 86
-0.008929743431508541 -0.12469654530286789 1.0250000953674316 107 85 75
-0.005539524834603071 -0.12433157861232758 1.0220000743865967 124 83 73
-0.0021669280249625444 -0.12384495139122009 1.0180000066757202 137 92 79
0.001180498395115137 -0.12347999215126038 1.0150001049041748 148 100 85
0.004512629471719265 -0.12323667109012604 1.0130000114440918 149 96 83
0.007862580008804798 -0.12347999215126038 1.0150001049041748 151 102 90
0.011258810758590698 -0.12408826500177383 1.0200001001358032 141 100 90
0.014644969254732132 -0.12433157861232758 1.0220000743865967 144 108 98
0.018097158521413803 -0.12493984401226044 1.027000069618225 157 119 108
0.021540438756346703 -0.12530481815338135 1.03000009059906 168 125 116
0.02512449212372303 -0.12627805769443512 1.0380001068115234 176 133 124
0.02859623357653618 -0.12652137875556946 1.040000081062317 179 138 128
0.032019566744565964 -0.12652137875556946 1.040000081062317 175 137 126
0.03544289618730545 -0.12652137875556946 1.040000081062317 174 140 130
0.038866229355335236 -0.12652137875556946 1.040000081062317 174 143 134
0.0422082394361496 -0.12627805769443512 1.0380001068115234 174 143 134
0.0456249862909317 -0.12627805769443512 1.0380001068115234 169 138 129
0.04899448901414871 -0.12615640461444855 1.037000060081482 163 132 123
0.05220578983426094 -0.12566976249217987 1.0329999923706055 151 120 111
0.05555225536227226 -0.1255481243133545 1.0320000648498535 136 106 101
0.05900637060403824 -0.12566976249217987 1.0329999923706055 119 105 99
0.06234624981880188 -0.1255481243133545 1.0320000648498535 112 103 98
0.06574325263500214 -0.1255481243133545 1.0320000648498535 118 108 106
0.06920724362134933 -0.12566976249217987 1.0329999923706055 100 93 87
-0.0089558782055974 -0.12336686998605728 1.027999997138977 108 86 76
-0.005555786192417145 -0.12300685048103333 1.0250000953674316 121 83 72
-0.0021754426416009665 -0.12264683097600937 1.0220000743865967 131 86 75
0.001182824489660561 -0.12204679846763611 1.0170000791549683 140 91 79
0.004521539434790611 -0.1218067929148674 1.0150001049041748 145 94 80
0.007862580008804798 -0.1218067929148674 1.0150001049041748 147 98 88
0.011258810758590698 -0.12240682542324066 1.0200001001358032 134 93 83
0.014644969254732132 -0.12264683097600937 1.0220000743865967 141 105 97
0.018097158521413803 -0.12324687093496323 1.027000069618225 161 120 112
0.021540438756346703 -0.12360688298940659 1.03000009059906 168 127 117
0.02512449212372303 -0.1245669424533844 1.0380001068115234 175 132 123
0.02859623357653618 -0.1248069554567337 1.040000081062317 177 136 126
0.03208114206790924 -0.125046968460083 1.0420000553131104 175 137 126
0.03551105409860611 -0.125046968460083 1.0420000553131104 173 137 127
0.038866229355335236 -0.1248069554567337 1.040000081062317 174 143 134
0.04228956252336502 -0.1248069554567337 1.040000081062317 172 141 132
0.0456249862909317 -0.1245669424533844 1.0380001068115234 168 137 128
0.04899448901414871 -0.12444692850112915 1.037000060081482 158 129 119
0.05220578983426094 -0.12396689504384995 1.0329999923706055 144 114 107
0.05560607835650444 -0.12396689504384995 1.0329999923706055 125 102 97
0.05900637060403824 -0.12396689504384995 1.0329999923706055 112 103 98
0.06234624981880188 -0.12384690344333649 1.0320000648498535 111 103 100
0.06574325263500214 -0.12384690344333649 1.0320000648498535 115 107 104
0.06920724362134933 -0.12396689504384995 1.0329999923706055 97 93 86
-0.0073275575414299965 -0.12273745983839035 1.037000060081482 121 84 70
-0.003895228262990713 -0.12214566022157669 1.0320000648498535 126 81 70
-0.0004924359382130206 -0.1207253709435463 1.0200001001358032 133 84 72
0.002856636419892311 -0.1203702986240387 1.0170000791549683 138 90 75
0.006204260513186455 -0.1203702986240387 1.0170000791549683 140 93 80
0.009561276063323021 -0.12048864364624023 1.0180000066757202 134 91 82
0.012962928041815758 -0.12096209079027176 1.0220000743865967 130 92 85
0.016327010467648506 -0.12096209079027176 1.0220000743865967 155 114 106
0.019845230504870415 -0.12190895527601242 1.03000009059906 164 121 112
0.02330332063138485 -0.12226401269435883 1.0329999923706055 169 126 117
0.02683286741375923 -0.12285581976175308 1.0380001068115234 174 133 123
0.030366184189915657 -0.12332925200462341 1.0420000553131104 176 135 125
0.033796098083257675 -0.12332925200462341 1.0420000553131104 173 137 127
0.03722601383924484 -0.12332925200462341 1.0420000553131104 172 141 132
0.04065592959523201 -0.12332925200462341 1.0420000553131104 172 141 132
0.04400122910737991 -0.12309253960847855 1.040000081062317 166 140 129
0.04728775843977928 -0.12273745983839035 1.037000060081482 153 131 123
0.050701215863227844 -0.12273745983839035 1.037000060081482 144 123 118
0.054010309278964996 -0.12250074744224548 1.0350000858306885 124 108 103
0.05730622634291649 -0.12226401269435883 1.0329999923706055 108 100 97
0.06070651113986969 -0.12226401269435883 1.0329999923706055 109 104 100
0.06410680711269379 -0.12226401269435883 1.0329999923706055 102 97 93
0.06750709563493729 -0.12226401269435883 1.0329999923706055 113 109 102
-0.009034286253154278 -0.12102799117565155 1.037000060081482 108 88 80
-0.005593727808445692 -0.12044443935155869 1.0320000648498535 120 84 72
-0.002181828487664461 -0.1196274682879448 1.0250000953674316 124 82 70
0.001186313689686358 -0.11904393136501312 1.0200001001358032 131 82 70
0.004530448466539383 -0.11869379878044128 1.0170000791549683 139 88 74
0.007878072559833527 -0.11869379878044128 1.0170000791549683 138 92 76
0.011280886828899384 -0.11927734315395355 1.0220000743865967 131 86 75
0.014644969254732132 -0.11927734315395355 1.0220000743865967 145 102 95
0.018061915412545204 -0.1196274682879448 1.0250000953674316 159 116 109
0.021540438756346703 -0.12021102756261826 1.03000009059906 164 121 112
0.025100287050008774 -0.12102799117565155 1.037000060081482 172 126 118
0.02859623357653618 -0.12137812376022339 1.040000081062317 176 135 125
0.03208114206790924 -0.12161153554916382 1.0420000553131104 174 136 125
0.03551105409860611 -0.12161153554916382 1.0420000553131104 171 137 129
0.038940973579883575 -0.12161153554916382 1.0420000553131104 170 139 130
0.04228956252336502 -0.12137812376022339 1.040000081062317 165 136 126
0.0456249862909317 -0.12114470452070236 1.0380001068115234 154 129 120
0.04899448901414871 -0.12102799117565155 1.037000060081482 140 121 115
0.05230686813592911 -0.12079456448554993 1.0350000858306885 135 119 114
0.05560607835650444 -0.1205611377954483 1.0329999923706055 115 101 95
0.05900637060403824 -0.1205611377954483 1.0329999923706055 106 101 97
0.06240665912628174 -0.1205611377954483 1.0329999923706055 107 104 99
0.06580695509910583 -0.1205611377954483 1.0329999923706055 108 105 100
0.06920724362134933 -0.1205611377954483 1.0329999923706055 92 88 81
-0.00742648309096694 -0.12092936784029007 1.0509999990463257 118 84 74
-0.003932972438633442 -0.11989382654428482 1.0420000553131104 121 79 67
-0.000496298132929951 -0.11828296631574631 1.027999997138977 127 78 66
0.002870680997148156 -0.11759260296821594 1.0220000743865967 134 83 69
0.006222562398761511 -0.11736248433589935 1.0200001001358032 137 89 72
0.00958006177097559 -0.11736248433589935 1.0200001001358032 137 90 77
0.012962928041815758 -0.11759260296821594 1.0220000743865967 142 94 88
0.01634298451244831 -0.11770766228437424 1.0230000019073486 155 109 103
0.019845230504870415 -0.1185130923986435 1.03000009059906 161 115 109
0.023280763998627663 -0.11874321848154068 1.0320000648498535 164 121 114
0.026807015761733055 -0.11931852251291275 1.037000060081482 172 131 121
0.030366184189915657 -0.11989382654428482 1.0420000553131104 174 136 125
0.033796098083257675 -0.11989382654428482 1.0420000553131104 169 135 127
0.03715456649661064 -0.11966370791196823 1.040000081062317 167 138 128
0.04057789593935013 -0.11966370791196823 1.040000081062317 163 137 126
0.04400122910737991 -0.11966370791196823 1.040000081062317 153 133 125
0.04728775843977928 -0.11931852251291275 1.037000060081482 141 127 121
0.050701215863227844 -0.11931852251291275 1.037000060081482 133 122 115
0.054010309278964996 -0.11908839643001556 1.0350000858306885 121 110 105
0.05730622634291649 -0.11885827034711838 1.0329999923706055 106 101 97
0.06070651113986969 -0.11885827034711838 1.0329999923706055 107 104 99
0.06410680711269379 -0.11885827034711838 1.0329999923706055 100 97 92
0.06750709563493729 -0.11885827034711838 1.0329999923706055 113 109 102
-0.00742648309096694 -0.1191968098282814 1.0509999990463257 115 86 76
-0.003932972438633442 -0.11817611008882523 1.0420000553131104 120 78 66
-0.000496298132929951 -0.11658833175897598 1.027999997138977 127 78 66
0.002870680997148156 -0.11590785533189774 1.0220000743865967 134 81 68
0.006222562398761511 -0.11568102985620499 1.0200001001358032 141 88 73
0.00958006177097559 -0.11568102985620499 1.0200001001358032 142 91 77
0.012962928041815758 -0.11590785533189774 1.0220000743865967 146 98 90
0.01634298451244831 -0.11602126061916351 1.0230000019073486 154 108 102
0.019806694239377975 -0.11658833175897598 1.027999997138977 159 113 107
0.023280763998627663 -0.11704197525978088 1.0320000648498535 163 120 113
0.026807015761733055 -0.11760904639959335 1.037000060081482 167 129 120
0.030366184189915657 -0.11817611008882523 1.0420000553131104 169 135 125
0.033796098083257675 -0.11817611008882523 1.0420000553131104 166 135 126
0.03715456649661064 -0.11794928461313248 1.040000081062317 162 135 127
0.04057789593935013 -0.11794928461313248 1.040000081062317 158 133 124
0.04400122910737991 -0.11794928461313248 1.040000081062317 147 131 124
0.04728775843977928 -0.11760904639959335 1.037000060081482 138 127 120
0.050701215863227844 -0.11760904639959335 1.037000060081482 132 121 114
0.054010309278964996 -0.1173822209239006 1.0350000858306885 119 110 105
0.05741718411445618 -0.1173822209239006 1.0350000858306885 105 100 96
0.06082405522465706 -0.1173822209239006 1.0350000858306885 107 104 101
0.06410680711269379 -0.11715538054704666 1.0329999923706055 100 97 92
0.06750709563493729 -0.11715538054704666 1.0329999923706055 113 109 102
-0.007511277217417955 -0.11880544573068619 1.0630000829696655 112 87 78
-0.003940521739423275 -0.11668192595243454 1.0440000295639038 120 78 66
-0.0004987120628356934 -0.11545251309871674 1.0329999923706055 128 76 65
0.002887533977627754 -0.11489369720220566 1.027999997138977 134 81 68
0.006240863353013992 -0.11433486640453339 1.0230000019073486 151 93 77
0.009608237072825432 -0.11433486640453339 1.0230000019073486 153 97 83
0.012975610792636871 -0.11433486640453339 1.0230000019073486 151 101 94
0.01634298451244831 -0.11433486640453339 1.0230000019073486 156 108 100
0.019806694239377975 -0.11489369720220566 1.027999997138977 156 113 104
0.023280763998627663 -0.11534075438976288 1.0320000648498535 161 120 112
0.026807015761733055 -0.11589958518743515 1.037000060081482 163 127 117
0.030366184189915657 -0.11645840108394623 1.0420000553131104 162 131 122
0.033731233328580856 -0.11623486876487732 1.040000081062317 162 135 127
0.03715456649661064 -0.11623486876487732 1.040000081062317 156 134 126
0.04057789593935013 -0.11623486876487732 1.040000081062317 147 128 122
0.04400122910737991 -0.11623486876487732 1.040000081062317 143 127 122
0.04728775843977928 -0.11589958518743515 1.037000060081482 137 126 119
0.050701215863227844 -0.11589958518743515 1.037000060081482 130 121 114
0.054010309278964996 -0.11567605286836624 1.0350000858306885 121 112 107
0.05730622634291649 -0.11545251309871674 1.0329999923706055 105 100 96
0.06070651113986969 -0.11545251309871674 1.0329999923706055 106 103 98
0.06410680711269379 -0.11545251309871674 1.0329999923706055 103 100 95
0.06750709563493729 -0.11545251309871674 1.0329999923706055 105 102 97
-0.007603136356920004 -0.11848462373018265 1.0760000944137573 109 89 81
-0.0039669424295425415 -0.11573171615600586 1.0509999990463257 118 78 65
-0.0005020915414206684 -0.11452045291662216 1.040000081062317 123 74 62
0.002898769685998559 -0.11363952606916428 1.0320000648498535 137 84 71
0.006265265867114067 -0.1130889505147934 1.027000069618225 155 97 81
0.009627022780478 -0.11286871880292892 1.0250000953674316 162 104 88
0.013000980019569397 -0.11286871880292892 1.0250000953674316 153 104 92
0.01637493632733822 -0.11286871880292892 1.0250000953674316 154 108 100
0.019806694239377975 -0.11319906264543533 1.027999997138977 158 117 107
0.02330332063138485 -0.11374963819980621 1.0329999923706055 157 121 111
0.026807015761733055 -0.11419010907411575 1.037000060081482 154 123 114
0.030366184189915657 -0.11474068462848663 1.0420000553131104 152 130 120
0.033731233328580856 -0.11452045291662216 1.040000081062317 151 131 123
0.03715456649661064 -0.11452045291662216 1.040000081062317 147 131 124
0.04057789593935013 -0.11452045291662216 1.040000081062317 142 128 120
0.04400122910737991 -0.11452045291662216 1.040000081062317 139 128 121
0.04728775843977928 -0.11419010907411575 1.037000060081482 133 124 119
0.050701215863227844 -0.11419010907411575 1.037000060081482 128 121 115
0.054010309278964996 -0.11396986991167068 1.0350000858306885 119 109 107
0.05730622634291649 -0.11374963819980621 1.0329999923706055 107 99 96
0.06070651113986969 -0.11374963819980621 1.0329999923706055 107 102 98
0.06404475122690201 -0.11363952606916428 1.0320000648498535 103 100 95
0.06744174659252167 -0.11363952606916428 1.0320000648498535 98 93 89
-0.005761756561696529 -0.11530078202486038 1.0630000829696655 103 87 80
-0.002237172331660986 -0.11399916559457779 1.0509999990463257 115 79 67
0.0012095746351405978 -0.11280602961778641 1.040000081062317 125 78 65
0.0045749954879283905 -0.11139596253633499 1.027000069618225 149 98 84
0.007955536246299744 -0.11139596253633499 1.027000069618225 166 110 94
0.011314001865684986 -0.11117902398109436 1.0250000953674316 168 108 93
0.014687959104776382 -0.11117902398109436 1.0250000953674316 156 105 91
0.018097158521413803 -0.11139596253633499 1.027000069618225 158 112 104
0.021498609334230423 -0.11150442808866501 1.027999997138977 153 117 107
0.02505187690258026 -0.11226370185613632 1.0350000858306885 144 117 109
0.028541242703795433 -0.11258910596370697 1.0380001068115234 143 121 113
0.032019566744565964 -0.11280602961778641 1.040000081062317 145 127 118
0.03544289618730545 -0.11280602961778641 1.040000081062317 143 127 120
0.038866229355335236 -0.11280602961778641 1.040000081062317 142 128 120
0.04228956252336502 -0.11280602961778641 1.040000081062317 137 126 119
0.0456249862909317 -0.11258910596370697 1.0380001068115234 135 124 119
0.04899448901414871 -0.11248063296079636 1.037000060081482 129 122 116
0.05230686813592911 -0.11226370185613632 1.0350000858306885 122 115 109
0.05560607835650444 -0.1120467558503151 1.0329999923706055 110 102 99
0.05900637060403824 -0.1120467558503151 1.0329999923706055 106 98 95
0.06240665912628174 -0.1120467558503151 1.0329999923706055 109 104 100
0.06574325263500214 -0.11193830519914627 1.0320000648498535 99 94 90
0.0691402480006218 -0.11193830519914627 1.0320000648498535 90 85 81
-0.003993364050984383 -0.113014355301857 1.058000087738037 111 85 74
-0.0005045054713264108 -0.11162571609020233 1.0450000762939453 115 73 61
0.00290719629265368 -0.11055752635002136 1.0350000858306885 144 96 81
0.006283567752689123 -0.11002343893051147 1.03000009059906 159 103 89
0.00964580662548542 -0.10970297455787659 1.027000069618225 173 113 98
0.013026347383856773 -0.10970297455787659 1.027000069618225 159 108 94
0.016406888142228127 -0.10970297455787659 1.027000069618225 153 110 101
0.019845230504870415 -0.11002343893051147 1.03000009059906 145 116 106
0.023280763998627663 -0.11023706942796707 1.0320000648498535 140 118 108
0.02675531432032585 -0.11055752635002136 1.0350000858306885 137 119 110
0.030307898297905922 -0.11109161376953125 1.040000081062317 137 121 114
0.033731233328580856 -0.11109161376953125 1.040000081062317 139 125 117
0.03715456649661064 -0.11109161376953125 1.040000081062317 139 128 121
0.04057789593935013 -0.11109161376953125 1.040000081062317 135 124 117
0.04391661286354065 -0.11087798327207565 1.0380001068115234 133 124 119
0.04728775843977928 -0.11077117174863815 1.037000060081482 128 124 117
0.050603434443473816 -0.11055752635002136 1.0350000858306885 123 119 112
0.054010309278964996 -0.11055752635002136 1.0350000858306885 118 110 107
0.05730622634291649 -0.11034388095140457 1.0329999923706055 107 99 96
0.06070651113986969 -0.11034388095140457 1.0329999923706055 107 99 96
0.06404475122690201 -0.11023706942796707 1.0320000648498535 104 99 95
0.06744174659252167 -0.11023706942796707 1.0320000648498535 95 90 86
-0.004012235905975103 -0.11179612576961517 1.0630000829696655 108 90 81
-0.0005074020591564476 -0.11053407192230225 1.0509999990463257 114 79 64
0.002921240869909525 -0.10937721282243729 1.040000081062317 141 96 83
0.006295768544077873 -0.10853584110736847 1.0320000648498535 155 102 87
0.009655198082327843 -0.10811515897512436 1.027999997138977 172 112 97
0.013026347383856773 -0.10800998657941818 1.027000069618225 157 106 90
0.016406888142228127 -0.10800998657941818 1.027000069618225 149 111 100
0.019845230504870415 -0.10832550376653671 1.03000009059906 136 114 104
0.023280763998627663 -0.10853584110736847 1.0320000648498535 133 118 108
0.02675531432032585 -0.108851358294487 1.0350000858306885 131 115 108
0.030307898297905922 -0.10937721282243729 1.040000081062317 134 120 112
0.033731233328580856 -0.10937721282243729 1.040000081062317 135 124 117
0.03715456649661064 -0.10937721282243729 1.040000081062317 137 126 119
0.04057789593935013 -0.10937721282243729 1.040000081062317 132 123 118
0.04391661286354065 -0.10916686058044434 1.0380001068115234 133 124 119
0.04728775843977928 -0.10906169563531876 1.037000060081482 129 125 118
0.050603434443473816 -0.108851358294487 1.0350000858306885 123 119 112
0.054010309278964996 -0.108851358294487 1.0350000858306885 119 114 110
0.05730622634291649 -0.10864099860191345 1.0329999923706055 106 98 95
0.06070651113986969 -0.10864099860191345 1.0329999923706055 107 99 96
0.06410680711269379 -0.10864099860191345 1.0329999923706055 102 97 93
0.06744174659252167 -0.10853584110736847 1.0320000648498535 95 90 86
-0.004012235905975103 -0.11004380136728287 1.0630000829696655 104 93 86
-0.0005074020591564476 -0.10880151391029358 1.0509999990463257 113 82 71
0.002921240869909525 -0.10766278952360153 1.040000081062317 134 92 80
0.006295768544077873 -0.10683462023735046 1.0320000648498535 151 103 88
0.009655198082327843 -0.10642052441835403 1.027999997138977 162 109 94
0.013026347383856773 -0.10631700605154037 1.027000069618225 154 106 91
0.016406888142228127 -0.10631700605154037 1.027000069618225 142 108 96
0.019845230504870415 -0.10662757605314255 1.03000009059906 132 114 105
0.023280763998627663 -0.10683462023735046 1.0320000648498535 129 115 107
0.02675531432032585 -0.10714517533779144 1.0350000858306885 129 115 107
0.030249616131186485 -0.10745575278997421 1.0380001068115234 134 120 112
0.03366636484861374 -0.10745575278997421 1.0380001068115234 134 123 116
0.03708311542868614 -0.10745575278997421 1.0380001068115234 132 123 116
0.040499862283468246 -0.10745575278997421 1.0380001068115234 132 123 118
0.04391661286354065 -0.10745575278997421 1.0380001068115234 133 124 119
0.04728775843977928 -0.10735221952199936 1.037000060081482 132 125 119
0.050603434443473816 -0.10714517533779144 1.0350000858306885 123 119 112
0.054010309278964996 -0.10714517533779144 1.0350000858306885 121 116 112
0.05730622634291649 -0.10693812370300293 1.0329999923706055 106 98 95
0.06070651113986969 -0.10693812370300293 1.0329999923706055 109 101 98
0.06410680711269379 -0.10693812370300293 1.0329999923706055 105 100 96
0.06744174659252167 -0.10683462023735046 1.0320000648498535 98 93 89
-0.002318059792742133 -0.11094018071889877 1.0890001058578491 100 96 89
0.0012305096024647355 -0.10778209567070007 1.058000087738037 109 83 72
0.004610633477568626 -0.10543900728225708 1.0350000858306885 125 84 74
0.007994268089532852 -0.10513338446617126 1.0320000648498535 153 101 92
0.011369191110134125 -0.10492964088916779 1.03000009059906 155 104 90
0.014730947092175484 -0.10472588241100311 1.027999997138977 147 102 89
0.018114779144525528 -0.10472588241100311 1.027999997138977 138 109 97
0.021540438756346703 -0.10492964088916779 1.03000009059906 131 113 104
0.02500346675515175 -0.10523524880409241 1.0329999923706055 127 113 105
0.028513742610812187 -0.10564274340867996 1.037000060081482 132 118 112
0.0319272018969059 -0.10564274340867996 1.037000060081482 136 122 116
0.03537474200129509 -0.1057446300983429 1.0380001068115234 132 121 114
0.038791488856077194 -0.1057446300983429 1.0380001068115234 132 123 116
0.0422082394361496 -0.1057446300983429 1.0380001068115234 132 123 118
0.04558103159070015 -0.10564274340867996 1.037000060081482 133 124 119
0.048899997025728226 -0.10543900728225708 1.0350000858306885 128 121 115
0.05230686813592911 -0.10543900728225708 1.0350000858306885 122 118 111
0.05560607835650444 -0.10523524880409241 1.0329999923706055 112 108 101
0.05900637060403824 -0.10523524880409241 1.0329999923706055 109 101 98
0.06234624981880188 -0.10513338446617126 1.0320000648498535 115 107 104
0.06561584770679474 -0.10492964088916779 1.03000009059906 98 93 89
0.06900625675916672 -0.10492964088916779 1.03000009059906 109 104 100
0.0012433030642569065 -0.10714047402143478 1.069000005722046 103 78 69
0.004623997490853071 -0.10403350740671158 1.0380001068115234 120 77 70
0.007994268089532852 -0.10343215614557266 1.0320000648498535 134 84 77
0.011369191110134125 -0.10323170572519302 1.03000009059906 148 96 85
0.0147596076130867 -0.10323170572519302 1.03000009059906 141 99 85
0.018114779144525528 -0.10303124785423279 1.027999997138977 137 108 98
0.021540438756346703 -0.10323170572519302 1.03000009059906 129 110 104
0.02500346675515175 -0.10353237390518188 1.0329999923706055 126 112 104
0.028513742610812187 -0.10393328219652176 1.037000060081482 132 118 112
0.0319272018969059 -0.10393328219652176 1.037000060081482 134 123 116
0.03537474200129509 -0.10403350740671158 1.0380001068115234 129 120 113
0.038791488856077194 -0.10403350740671158 1.0380001068115234 131 122 117
0.0422082394361496 -0.10403350740671158 1.0380001068115234 131 122 117
0.04558103159070015 -0.10393328219652176 1.037000060081482 132 123 118
0.048899997025728226 -0.10373283177614212 1.0350000858306885 128 121 115
0.05230686813592911 -0.10373283177614212 1.0350000858306885 123 116 110
0.05560607835650444 -0.10353237390518188 1.0329999923706055 114 110 103
0.05900637060403824 -0.10353237390518188 1.0329999923706055 108 103 101
0.06234624981880188 -0.10343215614557266 1.0320000648498535 113 108 106
0.06561584770679474 -0.10323170572519302 1.03000009059906 104 99 95
-0.0005160921718925238 -0.10537825524806976 1.069000005722046 110 90 82
0.002952138427644968 -0.10360387712717056 1.0509999990463257 114 73 65
0.006332372315227985 -0.10232239216566086 1.0380001068115234 128 75 69
0.009673982858657837 -0.10153377801179886 1.03000009059906 141 89 78
0.013064399361610413 -0.10153377801179886 1.03000009059906 139 97 83
0.01642286218702793 -0.10133661329746246 1.027999997138977 134 105 95
0.019845230504870415 -0.10153377801179886 1.03000009059906 129 110 104
0.023280763998627663 -0.10173092782497406 1.0320000648498535 126 112 104
0.0267036110162735 -0.10182949900627136 1.0329999923706055 125 114 107
0.030220473185181618 -0.10222380608320236 1.037000060081482 132 121 114
0.03363392874598503 -0.10222380608320236 1.037000060081482 131 122 115
0.037047386169433594 -0.10222380608320236 1.037000060081482 129 120 115
0.040460843592882156 -0.10222380608320236 1.037000060081482 130 121 116
0.04387430474162102 -0.10222380608320236 1.037000060081482 129 122 116
0.047196559607982635 -0.10202665627002716 1.0350000858306885 131 124 118
0.050603434443473816 -0.10202665627002716 1.0350000858306885 123 119 112
0.05390593037009239 -0.10182949900627136 1.0329999923706055 120 115 111
0.05730622634291649 -0.10182949900627136 1.0329999923706055 109 104 102
0.06064775213599205 -0.10173092782497406 1.0320000648498535 108 103 101
0.06404475122690201 -0.10173092782497406 1.0320000648498535 111 106 104
0.06731104850769043 -0.10153377801179886 1.03000009059906 111 106 104
0.0029661827720701694 -0.1023559644818306 1.055999994277954 114 73 65
0.0063445731066167355 -0.1008051186800003 1.040000081062317 127 75 66
0.009692767634987831 -0.10002969950437546 1.0320000648498535 142 88 78
0.013089766725897789 -0.10002969950437546 1.0320000648498535 139 97 83
0.01645481400191784 -0.0998358428478241 1.03000009059906 133 104 94
0.019845230504870415 -0.0998358428478241 1.03000009059906 129 109 101
0.02330332063138485 -0.10012661665678024 1.0329999923706055 126 112 104
0.0267036110162735 -0.10012661665678024 1.0329999923706055 124 113 106
0.030220473185181618 -0.10051433742046356 1.037000060081482 129 120 113
0.03363392874598503 -0.10051433742046356 1.037000060081482 131 122 115
0.037047386169433594 -0.10051433742046356 1.037000060081482 128 121 115
0.040460843592882156 -0.10051433742046356 1.037000060081482 128 121 115
0.04387430474162102 -0.10051433742046356 1.037000060081482 129 122 116
0.047196559607982635 -0.1003204807639122 1.0350000858306885 130 123 117
0.050603434443473816 -0.1003204807639122 1.0350000858306885 122 117 113
0.05390593037009239 -0.10012661665678024 1.0329999923706055 120 115 111
0.05730622634291649 -0.10012661665678024 1.0329999923706055 109 104 102
0.06070651113986969 -0.10012661665678024 1.0329999923706055 107 101 103
0.06410680711269379 -0.10012661665678024 1.0329999923706055 111 106 104
0.06744174659252167 -0.10002969950437546 1.0320000648498535 111 108 105
0.0029914628248661757 -0.10147269070148468 1.065000057220459 115 77 68
0.006375076249241829 -0.09956710040569305 1.0450000762939453 128 76 67
0.009720944799482822 -0.09861431270837784 1.0350000858306885 146 89 80
0.013102449476718903 -0.09842374175786972 1.0329999923706055 144 100 84
0.01650273986160755 -0.09842374175786972 1.0329999923706055 131 102 90
0.0199030302464962 -0.09842374175786972 1.0329999923706055 126 106 98
0.02334844134747982 -0.09861431270837784 1.0350000858306885 125 111 105
0.02675531432032585 -0.09861431270837784 1.0350000858306885 123 114 107
0.030220473185181618 -0.09880486875772476 1.037000060081482 128 119 112
0.03363392874598503 -0.09880486875772476 1.037000060081482 130 123 115
0.037047386169433594 -0.09880486875772476 1.037000060081482 128 121 115
0.040460843592882156 -0.09880486875772476 1.037000060081482 128 121 115
0.04387430474162102 -0.09880486875772476 1.037000060081482 128 120 117
0.047196559607982635 -0.09861431270837784 1.0350000858306885 128 124 117
0.050603434443473816 -0.09861431270837784 1.0350000858306885 123 118 114
0.054010309278964996 -0.09861431270837784 1.0350000858306885 117 117 111
0.05730622634291649 -0.09842374175786972 1.0329999923706055 108 104 105
0.06070651113986969 -0.09842374175786972 1.0329999923706055 107 101 103
0.06410680711269379 -0.09842374175786972 1.0329999923706055 115 110 106
0.0029914628248661757 -0.09971706569194794 1.065000057220459 114 78 70
0.006375076249241829 -0.0978444516658783 1.0450000762939453 137 88 78
0.009720944799482822 -0.09690813720226288 1.0350000858306885 148 94 84
0.013102449476718903 -0.0967208668589592 1.0329999923706055 150 103 90
0.01650273986160755 -0.0967208668589592 1.0329999923706055 132 101 90
0.0199030302464962 -0.0967208668589592 1.0329999923706055 125 105 97
0.02334844134747982 -0.09690813720226288 1.0350000858306885 123 109 103
0.02675531432032585 -0.09690813720226288 1.0350000858306885 121 112 107
0.030220473185181618 -0.09709539264440536 1.037000060081482 124 117 111
0.03363392874598503 -0.09709539264440536 1.037000060081482 129 122 116
0.037047386169433594 -0.09709539264440536 1.037000060081482 128 121 115
0.040460843592882156 -0.09709539264440536 1.037000060081482 128 120 117
0.04387430474162102 -0.09709539264440536 1.037000060081482 135 131 124
0.047196559607982635 -0.09690813720226288 1.0350000858306885 141 137 130
0.050603434443473816 -0.09690813720226288 1.0350000858306885 122 119 116
0.054010309278964996 -0.09690813720226288 1.0350000858306885 117 116 116
0.05730622634291649 -0.0967208668589592 1.0329999923706055 108 107 107
0.06070651113986969 -0.0967208668589592 1.0329999923706055 108 105 102
0.06410680711269379 -0.0967208668589592 1.0329999923706055 119 116 111
0.004704182036221027 -0.0971335917711258 1.055999994277954 106 79 73
0.008087224327027798 -0.09602979570627213 1.0440000295639038 144 98 90
0.01145749632269144 -0.09547791630029678 1.0380001068115234 155 103 92
0.014859914779663086 -0.09538592398166656 1.037000060081482 146 99 86
0.0182733703404665 -0.09538592398166656 1.037000060081482 131 100 89
0.02168682962656021 -0.09538592398166656 1.037000060081482 125 106 100
0.025100287050008774 -0.09538592398166656 1.037000060081482 121 110 103
0.028541242703795433 -0.09547791630029678 1.0380001068115234 118 111 105
0.03195799142122269 -0.09547791630029678 1.0380001068115234 124 117 111
0.03537474200129509 -0.09547791630029678 1.0380001068115234 128 121 115
0.038791488856077194 -0.09547791630029678 1.0380001068115234 127 120 114
0.0422082394361496 -0.09547791630029678 1.0380001068115234 129 121 118
0.04558103159070015 -0.09538592398166656 1.037000060081482 166 162 155
0.04899448901414871 -0.09538592398166656 1.037000060081482 125 122 117
0.052407946437597275 -0.09538592398166656 1.037000060081482 119 119 115
0.05582140013575554 -0.09538592398166656 1.037000060081482 113 112 112
0.0592348612844944 -0.09538592398166656 1.037000060081482 111 110 110
0.06264831870794296 -0.09538592398166656 1.037000060081482 117 117 111
0.006442181300371885 -0.09539280086755753 1.055999994277954 134 93 87
0.009749121963977814 -0.09376679360866547 1.0380001068115234 150 102 94
0.013153186067938805 -0.09367645531892776 1.037000060081482 149 107 95
0.016566643491387367 -0.09367645531892776 1.037000060081482 129 105 93
0.01998010091483593 -0.09367645531892776 1.037000060081482 123 107 100
0.0234612338244915 -0.09394745528697968 1.040000081062317 118 109 104
0.026884566992521286 -0.09394745528697968 1.040000081062317 117 110 104
0.030249616131186485 -0.09376679360866547 1.0380001068115234 120 113 107
0.03366636484861374 -0.09376679360866547 1.0380001068115234 125 117 114
0.03708311542868614 -0.09376679360866547 1.0380001068115234 127 119 116
0.04057789593935013 -0.09394745528697968 1.040000081062317 125 120 116
0.04400122910737991 -0.09394745528697968 1.040000081062317 171 167 160
0.0474245622754097 -0.09394745528697968 1.040000081062317 141 138 133
0.05075011029839516 -0.09376679360866547 1.0380001068115234 132 132 128
0.05427122488617897 -0.09394745528697968 1.040000081062317 118 117 117
0.057694561779499054 -0.09394745528697968 1.040000081062317 112 111 111
0.06100035831332207 -0.09376679360866547 1.0380001068115234 113 113 109
0.009880611672997475 -0.09329726547002792 1.0520000457763672 139 103 95
0.01328002568334341 -0.092853844165802 1.0470000505447388 141 110 101
0.016678471118211746 -0.09258777648210526 1.0440000295639038 126 111 101
0.020076435059309006 -0.09241040796041489 1.0420000553131104 120 109 102
0.0234612338244915 -0.09223303943872452 1.040000081062317 120 113 107
0.026884566992521286 -0.09223303943872452 1.040000081062317 118 111 105
0.030249616131186485 -0.09205567091703415 1.0380001068115234 120 113 107
0.03366636484861374 -0.09205567091703415 1.0380001068115234 124 116 113
0.03708311542868614 -0.09205567091703415 1.0380001068115234 125 120 116
0.04057789593935013 -0.09223303943872452 1.040000081062317 129 124 120
0.04400122910737991 -0.09223303943872452 1.040000081062317 158 155 150
0.0474245622754097 -0.09223303943872452 1.040000081062317 138 135 132
0.05075011029839516 -0.09205567091703415 1.0380001068115234 133 130 127
0.05427122488617897 -0.09223303943872452 1.040000081062317 125 125 121
0.057694561779499054 -0.09223303943872452 1.040000081062317 113 112 112
0.06100035831332207 -0.09205567091703415 1.0380001068115234 103 102 102
0.01693408004939556 -0.09225936979055405 1.0600000619888306 126 117 110
0.02024984173476696 -0.09147602319717407 1.0509999990463257 118 111 105
0.023619147017598152 -0.09112787991762161 1.0470000505447388 121 114 108
0.02701381966471672 -0.09095381200313568 1.0450000762939453 121 113 110
0.030366184189915657 -0.09069269895553589 1.0420000553131104 122 114 111
0.033731233328580856 -0.09051863104104996 1.040000081062317 125 117 114
0.03722601383924484 -0.09069269895553589 1.0420000553131104 127 122 118
0.04077298194169998 -0.09095381200313568 1.0450000762939453 132 127 123
0.04421277344226837 -0.09095381200313568 1.0450000762939453 128 125 122
0.04760695993900299 -0.09086676687002182 1.0440000295639038 131 128 125
0.05104346200823784 -0.09086676687002182 1.0440000295639038 126 123 120
0.05453214794397354 -0.09095381200313568 1.0450000762939453 118 114 115
0.05797193944454193 -0.09095381200313568 1.0450000762939453 103 102 102
0.02701381966471672 -0.08923114836215973 1.0450000762939453 119 114 110
0.030366184189915657 -0.0889749825000763 1.0420000553131104 119 114 110
0.033731233328580856 -0.0888042077422142 1.040000081062317 121 116 112
0.03722601383924484 -0.0889749825000763 1.0420000553131104 127 122 118
0.04077298194169998 -0.08923114836215973 1.0450000762939453 129 126 121
0.04421277344226837 -0.08923114836215973 1.0450000762939453 124 124 120
0.04760695993900299 -0.08914575725793839 1.0440000295639038 124 124 120
0.05104346200823784 -0.08914575725793839 1.0440000295639038 120 116 117
0.036158572882413864 -0.08884833753108978 1.061000108718872 120 117 112
0.03972577303647995 -0.08901581913232803 1.0630000829696655 127 124 121
0.0433061383664608 -0.08918329328298569 1.065000057220459 127 124 121
0.046899668872356415 -0.08935077488422394 1.0670000314712524 118 118 114
