ply
format ascii 1.0
element vertex 1765
property float x
property float y
property float z
property uchar red
property uchar green
property uchar blue
end_header
0.27293893694877625 -0.18394967913627625 0.7760000228881836 251 242 233
0.2754932940006256 -0.18394967913627625 0.7760000228881836 248 237 228
0.2780476212501526 -0.18394967913627625 0.7760000228881836 243 234 227
0.2827913761138916 -0.18371263146400452 0.7750000357627869 237 227 225
0.28497424721717834 -0.1834755837917328 0.7740000486373901 234 223 218
0.28857067227363586 -0.18252739310264587 0.7700000405311584 193 183 183
0.2899710536003113 -0.1818162500858307 0.7670000195503235 158 147 151
0.2909703850746155 -0.18086804449558258 0.7630000114440918 126 115 121
0.29309728741645813 -0.18063099682331085 0.7620000243186951 99 86 92
0.27166178822517395 -0.182670459151268 0.7760000228881836 251 238 225
0.2742161154747009 -0.182670459151268 0.7760000228881836 250 235 223
0.2767704427242279 -0.182670459151268 0.7760000228881836 249 231 222
0.28151586651802063 -0.1824350655078888 0.7750000357627869 239 225 217
0.2837003767490387 -0.18219967186450958 0.7740000486373901 239 225 219
0.2873033881187439 -0.18125806748867035 0.7700000405311584 227 213 209
0.28870871663093567 -0.18055185675621033 0.7670000195503235 227 216 211
0.2904740273952484 -0.1800810694694519 0.76500004529953 229 218 211
0.2922261357307434 -0.1796102523803711 0.7630000114440918 228 219 212
0.29435139894485474 -0.17937487363815308 0.7620000243186951 215 206 201
0.3019876778125763 -0.17796246707439423 0.7560000419616699 98 85 91
0.30407342314720154 -0.17772707343101501 0.7550000548362732 61 47 58
0.25378143787384033 -0.18139123916625977 0.7760000228881836 254 254 248
0.2563357949256897 -0.18139123916625977 0.7760000228881836 254 254 248
0.2665531039237976 -0.18139123916625977 0.7760000228881836 248 241 235
0.2691074311733246 -0.18139123916625977 0.7760000228881836 249 238 231
0.27166178822517395 -0.18139123916625977 0.7760000228881836 249 234 224
0.27386274933815 -0.18115749955177307 0.7750000357627869 252 234 225
0.27641379833221436 -0.18115749955177307 0.7750000357627869 249 231 222
0.2786048948764801 -0.18092374503612518 0.7740000486373901 246 228 217
0.2807893753051758 -0.1806899905204773 0.7730000615119934 240 225 215
0.2829672694206238 -0.1804562360048294 0.7720000147819519 236 221 211
0.2847687900066376 -0.17998874187469482 0.7700000405311584 234 218 211
0.2865571081638336 -0.17952123284339905 0.7680000066757202 227 211 204
0.2883323132991791 -0.17905372381210327 0.7660000324249268 228 214 206
0.2900943160057068 -0.1785862296819687 0.7640000581741333 227 213 205
0.2922261357307434 -0.1783524751663208 0.7630000114440918 223 213 201
0.29435139894485474 -0.1781187206506729 0.7620000243186951 220 209 200
0.2953013479709625 -0.17718371748924255 0.7580000162124634 222 211 202
0.2974035441875458 -0.17694996297359467 0.7570000290870667 218 207 200
0.300291508436203 -0.17718371748924255 0.7580000162124634 218 209 204
0.3019876778125763 -0.17671622335910797 0.7560000419616699 211 201 199
0.30407342314720154 -0.17648246884346008 0.7550000548362732 180 171 174
0.30655863881111145 -0.17648246884346008 0.7550000548362732 137 127 127
0.24675801396369934 -0.17964781820774078 0.7740000486373901 252 253 240
0.24898366630077362 -0.1794157326221466 0.7730000615119934 255 255 247
0.25120270252227783 -0.17918361723423004 0.7720000147819519 254 255 246
0.25374388694763184 -0.17918361723423004 0.7720000147819519 253 253 247
0.2566170394420624 -0.1794157326221466 0.7730000615119934 253 250 245
0.25916150212287903 -0.1794157326221466 0.7730000615119934 251 246 242
0.2652759253978729 -0.18011201918125153 0.7760000228881836 251 242 237
0.2678302824497223 -0.18011201918125153 0.7760000228881836 251 240 233
0.2689908742904663 -0.17918361723423004 0.7720000147819519 250 234 227
0.2715320289134979 -0.17918361723423004 0.7720000147819519 252 234 225
0.27407318353652954 -0.17918361723423004 0.7720000147819519 249 231 222
0.27661436796188354 -0.17918361723423004 0.7720000147819519 246 228 217
0.27879393100738525 -0.17895151674747467 0.7710000276565552 246 228 217
0.2813318371772766 -0.17895151674747467 0.7710000276565552 237 222 212
0.28276512026786804 -0.17825520038604736 0.7680000066757202 237 219 210
0.28492164611816406 -0.178023099899292 0.7670000195503235 230 212 203
0.2870715856552124 -0.17779099941253662 0.7660000324249268 228 210 201
0.28883692622184753 -0.17732679843902588 0.7640000581741333 230 212 203
0.2902076840400696 -0.17663048207759857 0.7610000371932983 226 211 201
0.29271265864372253 -0.17663048207759857 0.7610000371932983 226 211 201
0.29444172978401184 -0.17616628110408783 0.7590000629425049 221 208 197
0.2961576581001282 -0.1757020652294159 0.7570000290870667 218 205 194
0.29786041378974915 -0.17523786425590515 0.7550000548362732 215 204 195
0.30034562945365906 -0.17523786425590515 0.7550000548362732 210 201 194
0.30283084511756897 -0.17523786425590515 0.7550000548362732 206 199 193
0.30450722575187683 -0.17477364838123322 0.753000020980835 205 198 190
0.3065781891345978 -0.17454156279563904 0.7520000338554382 207 199 196
0.30864256620407104 -0.17430944740772247 0.7510000467300415 175 165 165
0.24452577531337738 -0.17860235273838043 0.7750000357627869 224 220 213
0.24675801396369934 -0.17837190628051758 0.7740000486373901 248 244 235
0.24898366630077362 -0.17814145982265472 0.7730000615119934 255 254 246
0.25120270252227783 -0.17791099846363068 0.7720000147819519 253 254 245
0.25374388694763184 -0.17791099846363068 0.7720000147819519 252 253 244
0.2566170394420624 -0.17814145982265472 0.7730000615119934 252 250 242
0.25916150212287903 -0.17814145982265472 0.7730000615119934 251 247 240
0.2689908742904663 -0.17791099846363068 0.7720000147819519 250 234 227
0.2715320289134979 -0.17791099846363068 0.7720000147819519 251 232 226
0.27407318353652954 -0.17791099846363068 0.7720000147819519 247 229 220
0.27661436796188354 -0.17791099846363068 0.7720000147819519 246 226 218
0.27879393100738525 -0.17768053710460663 0.7710000276565552 243 225 216
0.2813318371772766 -0.17768053710460663 0.7710000276565552 238 220 211
0.28276512026786804 -0.17698916792869568 0.7680000066757202 237 219 210
0.28492164611816406 -0.17675870656967163 0.7670000195503235 229 211 202
0.2870715856552124 -0.17652826011180878 0.7660000324249268 228 208 200
0.28883692622184753 -0.17606736719608307 0.7640000581741333 230 210 202
0.2902076840400696 -0.17537599802017212 0.7610000371932983 228 210 201
0.29271265864372253 -0.17537599802017212 0.7610000371932983 226 211 201
0.29444172978401184 -0.17491509020328522 0.7590000629425049 222 207 197
0.2961576581001282 -0.17445418238639832 0.7570000290870667 220 207 196
0.29786041378974915 -0.1739932745695114 0.7550000548362732 219 206 195
0.30034562945365906 -0.1739932745695114 0.7550000548362732 212 201 192
0.30283084511756897 -0.1739932745695114 0.7550000548362732 207 198 191
0.30450722575187683 -0.17353235185146332 0.753000020980835 204 195 186
0.3065781891345978 -0.17330189049243927 0.7520000338554382 201 192 183
0.30864256620407104 -0.17307144403457642 0.7510000467300415 198 191 185
0.242622509598732 -0.17686717212200165 0.7730000615119934 187 183 174
0.24516697227954865 -0.17686717212200165 0.7730000615119934 198 194 185
0.2470705211162567 -0.17640957236289978 0.7710000276565552 212 208 201
0.24928463995456696 -0.17618075013160706 0.7700000405311584 239 231 228
0.25083810091018677 -0.17549432814121246 0.7670000195503235 250 248 240
0.2533628046512604 -0.17549432814121246 0.7670000195503235 250 248 240
0.255887508392334 -0.17549432814121246 0.7670000195503235 249 245 238
0.2587491273880005 -0.175723135471344 0.7680000066757202 251 244 236
0.2602565586566925 -0.1750367283821106 0.76500004529953 251 242 235
0.26277467608451843 -0.1750367283821106 0.76500004529953 249 238 231
0.2656395435333252 -0.17526553571224213 0.7660000324249268 250 236 230
0.2678109109401703 -0.1750367283821106 0.76500004529953 250 231 225
0.2703290283679962 -0.1750367283821106 0.76500004529953 251 231 223
0.27284714579582214 -0.1750367283821106 0.76500004529953 246 226 218
0.27536526322364807 -0.1750367283821106 0.76500004529953 243 223 215
0.2778834104537964 -0.1750367283821106 0.76500004529953 241 221 213
0.28003498911857605 -0.17480792105197906 0.7640000581741333 238 218 210
0.28217998147010803 -0.17457909882068634 0.7630000114440918 235 215 207
0.2843184173107147 -0.174350306391716 0.7620000243186951 229 209 201
0.28645023703575134 -0.17412149906158447 0.7610000371932983 228 208 200
0.28857550024986267 -0.17389269173145294 0.7600000500679016 229 209 201
0.29031118750572205 -0.17343507707118988 0.7580000162124634 229 209 201
0.292419970035553 -0.17320626974105835 0.7570000290870667 225 207 198
0.29452216625213623 -0.172977477312088 0.7560000419616699 222 207 197
0.2962249219417572 -0.17251984775066376 0.7540000081062317 221 206 196
0.2987068295478821 -0.17251984775066376 0.7540000081062317 218 205 194
0.3007892966270447 -0.17229105532169342 0.753000020980835 213 200 189
0.302865207195282 -0.1720622479915619 0.7520000338554382 208 197 188
0.3049345016479492 -0.17183344066143036 0.7510000467300415 205 194 185
0.3069972097873688 -0.17160464823246002 0.7500000596046448 201 192 183
0.3094659447669983 -0.17160464823246002 0.7500000596046448 197 188 181
0.24166250228881836 -0.17582006752490997 0.7740000486373901 175 168 160
0.2438947558403015 -0.17559291422367096 0.7730000615119934 193 186 178
0.24643918871879578 -0.17559291422367096 0.7730000615119934 191 187 178
0.2480173408985138 -0.17491143941879272 0.7700000405311584 201 194 188
0.24990113079547882 -0.1744571030139923 0.7680000066757202 206 201 197
0.25210046768188477 -0.1742299497127533 0.7670000195503235 217 213 206
0.2546251714229584 -0.1742299497127533 0.7670000195503235 233 229 222
0.257149875164032 -0.1742299497127533 0.7670000195503235 244 235 228
0.25933602452278137 -0.17400281131267548 0.7660000324249268 245 234 227
0.26151561737060547 -0.17377564311027527 0.76500004529953 249 235 229
0.2640337347984314 -0.17377564311027527 0.76500004529953 248 232 225
0.2665518522262573 -0.17377564311027527 0.76500004529953 247 229 220
0.26766306161880493 -0.17286701500415802 0.7610000371932983 250 230 220
0.2701680362224579 -0.17286701500415802 0.7610000371932983 246 226 218
0.27267298102378845 -0.17286701500415802 0.7610000371932983 241 221 213
0.275177925825119 -0.17286701500415802 0.7610000371932983 243 223 215
0.277682900428772 -0.17286701500415802 0.7610000371932983 239 219 211
0.27981966733932495 -0.172639861702919 0.7600000500679016 237 217 209
0.28232133388519287 -0.172639861702919 0.7600000500679016 231 210 205
0.2844482362270355 -0.1724126935005188 0.7590000629425049 229 209 201
0.2865685522556305 -0.1721855252981186 0.7580000162124634 229 209 201
0.28830093145370483 -0.17173121869564056 0.7560000419616699 229 209 201
0.2904047966003418 -0.17150406539440155 0.7550000548362732 228 208 200
0.2928899824619293 -0.17150406539440155 0.7550000548362732 225 207 198
0.2945927381515503 -0.17104974389076233 0.753000020980835 221 206 196
0.2966768443584442 -0.17082259058952332 0.7520000338554382 221 206 196
0.29875439405441284 -0.1705954372882843 0.7510000467300415 215 201 193
0.301226407289505 -0.1705954372882843 0.7510000467300415 209 198 189
0.3032940924167633 -0.1703682839870453 0.7500000596046448 208 197 188
0.3057628273963928 -0.1703682839870453 0.7500000596046448 205 194 185
0.307820588350296 -0.17014111578464508 0.7490000128746033 202 193 186
0.3102860450744629 -0.17014111578464508 0.7490000128746033 196 187 182
0.31191638112068176 -0.16968680918216705 0.7470000386238098 193 185 184
0.24100977182388306 -0.17499515414237976 0.7760000228881836 164 162 152
0.24230864644050598 -0.1740931123495102 0.7720000147819519 178 169 160
0.2448497861623764 -0.1740931123495102 0.7720000147819519 181 172 165
0.24675004184246063 -0.173642098903656 0.7700000405311584 186 179 171
0.2486371397972107 -0.17319108545780182 0.7680000066757202 193 186 180
0.24985700845718384 -0.17228905856609344 0.7640000581741333 197 193 186
0.2517111599445343 -0.17183801531791687 0.7620000243186951 205 201 194
0.2542194128036499 -0.17183801531791687 0.7620000243186951 210 206 199
0.2563907504081726 -0.17161251604557037 0.7610000371932983 219 212 206
0.25855550169944763 -0.17138701677322388 0.7600000500679016 224 215 208
0.26105719804763794 -0.17138701677322388 0.7600000500679016 231 220 211
0.2639056146144867 -0.17161251604557037 0.7610000371932983 240 226 218
0.26641058921813965 -0.17161251604557037 0.7610000371932983 244 229 219
0.2689155638217926 -0.17161251604557037 0.7610000371932983 243 225 214
0.2714204788208008 -0.17161251604557037 0.7610000371932983 242 224 215
0.27392545342445374 -0.17161251604557037 0.7610000371932983 242 223 217
0.2764303982257843 -0.17161251604557037 0.7610000371932983 240 221 215
0.27893537282943726 -0.17161251604557037 0.7610000371932983 237 218 212
0.2810705006122589 -0.17138701677322388 0.7600000500679016 235 215 207
0.28357216715812683 -0.17138701677322388 0.7600000500679016 230 210 202
0.2853209972381592 -0.1709359884262085 0.7580000162124634 228 208 200
0.2874363958835602 -0.1707104742527008 0.7570000290870667 228 208 200
0.2895451784133911 -0.1704849749803543 0.7560000419616699 229 209 201
0.29164740443229675 -0.1702594757080078 0.7550000548362732 228 208 200
0.29335343837738037 -0.16980843245983124 0.753000020980835 227 209 200
0.2954391837120056 -0.16958293318748474 0.7520000338554382 223 207 200
0.2979145050048828 -0.16958293318748474 0.7520000338554382 221 205 198
0.2999904155731201 -0.16935743391513824 0.7510000467300415 218 202 195
0.30246245861053467 -0.16935743391513824 0.7510000467300415 212 201 194
0.30452844500541687 -0.16913193464279175 0.7500000596046448 208 197 188
0.3069972097873688 -0.16913193464279175 0.7500000596046448 208 197 188
0.30905330181121826 -0.16890640556812286 0.7490000128746033 206 197 188
0.31068694591522217 -0.16845539212226868 0.7470000386238098 206 199 193
0.2394236922264099 -0.17349208891391754 0.7750000357627869 169 167 157
0.24103805422782898 -0.17282049357891083 0.7720000147819519 172 165 155
0.2435792088508606 -0.17282049357891083 0.7720000147819519 176 167 160
0.24580156803131104 -0.17259663343429565 0.7710000276565552 178 169 162
0.24672895669937134 -0.1714773327112198 0.7660000324249268 180 171 166
0.248599573969841 -0.17102961242198944 0.7640000581741333 184 180 173
0.2504570484161377 -0.1705818921327591 0.7620000243186951 189 185 178
0.25263330340385437 -0.17035801708698273 0.7610000371932983 193 189 182
0.25446775555610657 -0.16991031169891357 0.7590000629425049 202 195 189
0.25662755966186523 -0.1696864366531372 0.7580000162124634 207 200 194
0.25843894481658936 -0.16923873126506805 0.7560000419616699 217 208 201
0.2612725794315338 -0.16946259140968323 0.7570000290870667 220 209 202
0.2634159326553345 -0.16923873126506805 0.7560000419616699 231 220 211
0.26590442657470703 -0.16923873126506805 0.7560000419616699 234 221 210
0.26910296082496643 -0.1696864366531372 0.7580000162124634 239 225 217
0.27159804105758667 -0.1696864366531372 0.7580000162124634 237 223 215
0.2740931212902069 -0.1696864366531372 0.7580000162124634 238 222 215
0.2762233316898346 -0.16946259140968323 0.7570000290870667 238 222 215
0.2783469557762146 -0.16923873126506805 0.7560000419616699 237 221 214
0.28083541989326477 -0.16923873126506805 0.7560000419616699 234 215 209
0.28294917941093445 -0.1690148562192917 0.7550000548362732 232 214 205
0.28505629301071167 -0.1687909960746765 0.7540000081062317 234 216 207
0.28677552938461304 -0.16834327578544617 0.7520000338554382 229 213 206
0.28886622190475464 -0.1681194305419922 0.7510000467300415 235 219 212
0.2913382649421692 -0.1681194305419922 0.7510000467300415 234 220 212
0.29341909289360046 -0.16789557039737701 0.7500000596046448 233 219 211
0.29509878158569336 -0.16744783520698547 0.7480000257492065 232 218 212
0.2975609302520752 -0.16744783520698547 0.7480000257492065 230 219 214
0.2996220290660858 -0.1672239750623703 0.7470000386238098 228 218 216
0.302080899477005 -0.1672239750623703 0.7470000386238098 237 228 223
0.3045397698879242 -0.1672239750623703 0.7470000386238098 236 232 223
0.3069986402988434 -0.1672239750623703 0.7470000386238098 234 232 222
0.3094575107097626 -0.1672239750623703 0.7470000386238098 236 233 230
0.31191638112068176 -0.1672239750623703 0.7470000386238098 234 233 237
0.31437528133392334 -0.1672239750623703 0.7470000386238098 211 210 221
0.2394236922264099 -0.17221450805664062 0.7750000357627869 172 168 159
0.24103805422782898 -0.17154787480831146 0.7720000147819519 174 167 157
0.2435792088508606 -0.17154787480831146 0.7720000147819519 179 170 161
0.24580156803131104 -0.1713256537914276 0.7710000276565552 178 169 162
0.24672895669937134 -0.17021459341049194 0.7660000324249268 176 167 162
0.248599573969841 -0.16977018117904663 0.7640000581741333 178 171 165
0.2504570484161377 -0.16932575404644012 0.7620000243186951 176 172 165
0.25263330340385437 -0.16910354793071747 0.7610000371932983 181 174 168
0.25446775555610657 -0.16865910589694977 0.7590000629425049 186 179 173
0.25662755966186523 -0.16843688488006592 0.7580000162124634 191 184 178
0.25843894481658936 -0.1679924726486206 0.7560000419616699 195 188 182
0.2612725794315338 -0.16821467876434326 0.7570000290870667 205 198 192
0.2634159326553345 -0.1679924726486206 0.7560000419616699 213 206 198
0.26590442657470703 -0.1679924726486206 0.7560000419616699 217 208 201
0.26910296082496643 -0.16843688488006592 0.7580000162124634 223 214 207
0.27159804105758667 -0.16843688488006592 0.7580000162124634 231 220 213
0.2740931212902069 -0.16843688488006592 0.7580000162124634 231 220 213
0.2762233316898346 -0.16821467876434326 0.7570000290870667 235 224 219
0.2783469557762146 -0.1679924726486206 0.7560000419616699 242 228 222
0.28083541989326477 -0.1679924726486206 0.7560000419616699 243 229 223
0.28294917941093445 -0.16777026653289795 0.7550000548362732 248 234 226
0.28505629301071167 -0.1675480455160141 0.7540000081062317 246 235 226
0.28677552938461304 -0.1671036332845688 0.7520000338554382 246 235 228
0.28886622190475464 -0.16688142716884613 0.7510000467300415 252 241 234
0.28978651762008667 -0.16599255800247192 0.7470000386238098 253 242 233
0.2918541729450226 -0.16577035188674927 0.7460000514984131 252 241 232
0.2935207188129425 -0.16532592475414276 0.7440000176429749 251 240 235
0.295969694852829 -0.16532592475414276 0.7440000176429749 255 246 244
0.2988198399543762 -0.1655481457710266 0.7450000643730164 251 243 242
0.30167651176452637 -0.16577035188674927 0.7460000514984131 242 237 235
0.3041321039199829 -0.16577035188674927 0.7460000514984131 245 242 237
0.30658766627311707 -0.16577035188674927 0.7460000514984131 232 229 226
0.3094575107097626 -0.16599255800247192 0.7470000386238098 224 223 223
0.31191638112068176 -0.16599255800247192 0.7470000386238098 216 212 217
0.23845544457435608 -0.17115749418735504 0.7760000228881836 80 79 81
0.24069920182228088 -0.1709369421005249 0.7750000357627869 169 165 156
0.24199476838111877 -0.17005468904972076 0.7710000276565552 179 171 159
0.2442154735326767 -0.16983412206172943 0.7700000405311584 180 172 160
0.24610912799835205 -0.16939298808574677 0.7680000066757202 180 171 162
0.24798963963985443 -0.1689518690109253 0.7660000324249268 179 170 161
0.24887587130069733 -0.16784904897212982 0.7610000371932983 179 172 164
0.25072017312049866 -0.16740792989730835 0.7590000629425049 180 173 165
0.2528849244117737 -0.16718734800815582 0.7580000162124634 181 172 165
0.25470617413520813 -0.16674622893333435 0.7560000419616699 183 174 167
0.2571946978569031 -0.16674622893333435 0.7560000419616699 183 174 169
0.25830918550491333 -0.1658639758825302 0.7520000338554382 186 177 172
0.2607845366001129 -0.1658639758825302 0.7520000338554382 195 188 182
0.26290979981422424 -0.16564340889453888 0.7510000467300415 198 191 185
0.2653818428516388 -0.16564340889453888 0.7510000467300415 200 193 187
0.26785388588905334 -0.16564340889453888 0.7510000467300415 204 195 190
0.2706858813762665 -0.1658639758825302 0.7520000338554382 208 199 194
0.27279797196388245 -0.16564340889453888 0.7510000467300415 209 200 195
0.2752699851989746 -0.16564340889453888 0.7510000467300415 210 201 196
0.27774202823638916 -0.16564340889453888 0.7510000467300415 213 202 197
0.2802140712738037 -0.16564340889453888 0.7510000467300415 218 207 202
0.28230971097946167 -0.16542285680770874 0.7500000596046448 224 213 208
0.28439873456954956 -0.1652022749185562 0.7490000128746033 229 218 211
0.2868642210960388 -0.1652022749185562 0.7490000128746033 228 219 212
0.2889433801174164 -0.16498170793056488 0.7480000257492065 224 215 210
0.2906264066696167 -0.1645405888557434 0.7460000514984131 236 227 222
0.29268911480903625 -0.16432002186775208 0.7450000643730164 230 221 216
0.29474523663520813 -0.16409945487976074 0.7440000176429749 223 214 209
0.2975936830043793 -0.16432002186775208 0.7450000643730164 222 212 210
0.30004599690437317 -0.16432002186775208 0.7450000643730164 211 201 199
0.30290430784225464 -0.1645405888557434 0.7460000514984131 213 205 204
0.3053598999977112 -0.1645405888557434 0.7460000514984131 199 194 192
0.308228075504303 -0.16476114094257355 0.7470000386238098 197 191 193
0.31068694591522217 -0.16476114094257355 0.7470000386238098 179 173 177
0.31314581632614136 -0.16476114094257355 0.7470000386238098 132 125 134
0.23880581557750702 -0.16922153532505035 0.7730000615119934 175 171 162
0.2407258152961731 -0.16878369450569153 0.7710000276565552 179 171 159
0.24294817447662354 -0.1685647964477539 0.7700000405311584 183 175 163
0.2451639622449875 -0.1683458834886551 0.7690000534057617 182 173 164
0.2457626312971115 -0.1670323759317398 0.7630000114440918 181 172 163
0.24762339890003204 -0.16659455001354218 0.7610000371932983 180 171 162
0.24914230406284332 -0.16593779623508453 0.7580000162124634 181 172 165
0.25064146518707275 -0.16528105735778809 0.7550000548362732 182 173 166
0.2524561285972595 -0.16484323143959045 0.753000020980835 185 176 169
0.2542576491832733 -0.16440539062023163 0.7510000467300415 187 178 171
0.256387859582901 -0.164186492562294 0.7500000596046448 187 178 171
0.25851142406463623 -0.163967564702034 0.7490000128746033 188 179 172
0.2609769105911255 -0.163967564702034 0.7490000128746033 189 182 176
0.26344236731529236 -0.163967564702034 0.7490000128746033 192 185 179
0.2655527889728546 -0.16374865174293518 0.7480000257492065 193 184 179
0.2676566541194916 -0.16352973878383636 0.7470000386238098 193 186 180
0.27011552453041077 -0.16352973878383636 0.7470000386238098 195 186 181
0.27257439494132996 -0.16352973878383636 0.7470000386238098 194 185 180
0.27466508746147156 -0.16331082582473755 0.7460000514984131 193 184 179
0.2767491936683655 -0.16309191286563873 0.7450000643730164 194 185 180
0.2792015075683594 -0.16309191286563873 0.7450000643730164 196 184 182
0.2812757194042206 -0.16287299990653992 0.7440000176429749 196 185 180
0.2833433747291565 -0.1626540720462799 0.7430000305175781 197 186 181
0.2857890725135803 -0.1626540720462799 0.7430000305175781 195 185 183
0.28823480010032654 -0.1626540720462799 0.7430000305175781 197 187 185
0.2902892827987671 -0.1624351590871811 0.7420000433921814 203 193 191
0.2927316725254059 -0.1624351590871811 0.7420000433921814 197 187 185
0.29517412185668945 -0.1624351590871811 0.7420000433921814 195 185 183
0.29801762104034424 -0.1626540720462799 0.7430000305175781 194 184 182
0.30046331882476807 -0.1626540720462799 0.7430000305175781 194 186 183
0.3037244379520416 -0.16309191286563873 0.7450000643730164 193 185 184
0.30617669224739075 -0.16309191286563873 0.7450000643730164 193 188 186
0.3094575107097626 -0.16352973878383636 0.7470000386238098 196 190 194
0.31191638112068176 -0.16352973878383636 0.7470000386238098 66 59 72
0.23880581557750702 -0.16794727742671967 0.7730000615119934 175 168 160
0.2407258152961731 -0.16751272976398468 0.7710000276565552 179 171 159
0.24294817447662354 -0.16729547083377838 0.7700000405311584 183 174 165
0.2451639622449875 -0.1670781970024109 0.7690000534057617 185 176 167
0.2457626312971115 -0.16577459871768951 0.7630000114440918 183 174 165
0.24762339890003204 -0.16534006595611572 0.7610000371932983 182 173 164
0.24914230406284332 -0.16468825936317444 0.7580000162124634 182 173 164
0.25064146518707275 -0.16403646767139435 0.7550000548362732 185 176 169
0.2524561285972595 -0.16360192000865936 0.753000020980835 188 179 172
0.2542576491832733 -0.16316738724708557 0.7510000467300415 190 181 174
0.256387859582901 -0.16295014321804047 0.7500000596046448 192 183 176
0.25851142406463623 -0.16273285448551178 0.7490000128746033 195 186 179
0.2609769105911255 -0.16273285448551178 0.7490000128746033 199 190 185
0.26344236731529236 -0.16273285448551178 0.7490000128746033 207 198 193
0.2655527889728546 -0.16251559555530548 0.7480000257492065 204 195 190
0.2676566541194916 -0.16229833662509918 0.7470000386238098 204 195 190
0.27011552453041077 -0.16229833662509918 0.7470000386238098 206 197 192
0.27257439494132996 -0.16229833662509918 0.7470000386238098 206 197 192
0.27466508746147156 -0.1620810627937317 0.7460000514984131 203 194 189
0.2767491936683655 -0.1618638038635254 0.7450000643730164 204 195 190
0.2792015075683594 -0.1618638038635254 0.7450000643730164 204 195 190
0.2812757194042206 -0.1616465151309967 0.7440000176429749 204 195 190
0.2833433747291565 -0.1614292562007904 0.7430000305175781 204 193 188
0.2857890725135803 -0.1614292562007904 0.7430000305175781 203 192 187
0.28823480010032654 -0.1614292562007904 0.7430000305175781 197 187 185
0.2902892827987671 -0.1612119823694229 0.7420000433921814 200 190 188
0.2927316725254059 -0.1612119823694229 0.7420000433921814 201 191 189
0.29517412185668945 -0.1612119823694229 0.7420000433921814 203 193 191
0.29801762104034424 -0.1614292562007904 0.7430000305175781 204 194 192
0.30046331882476807 -0.1614292562007904 0.7430000305175781 205 197 194
0.3037244379520416 -0.1618638038635254 0.7450000643730164 205 200 198
0.30617669224739075 -0.1618638038635254 0.7450000643730164 205 200 198
0.3094575107097626 -0.16229833662509918 0.7470000386238098 216 212 217
0.31191638112068176 -0.16229833662509918 0.7470000386238098 48 42 59
0.23814818263053894 -0.16710422933101654 0.7750000357627869 109 108 110
0.23976746201515198 -0.1664573699235916 0.7720000147819519 174 167 157
0.24168090522289276 -0.16602614521980286 0.7700000405311584 182 174 162
0.24326397478580475 -0.16537927091121674 0.7670000195503235 185 176 167
0.24514777958393097 -0.16494804620742798 0.76500004529953 186 177 168
0.24637094140052795 -0.16408556699752808 0.7610000371932983 185 176 167
0.2478947639465332 -0.16343870759010315 0.7580000162124634 185 176 167
0.24840785562992096 -0.1621450036764145 0.7520000338554382 183 174 165
0.2505495846271515 -0.16192938387393951 0.7510000467300415 188 179 172
0.25234779715538025 -0.16149814426898956 0.7490000128746033 192 183 176
0.25345245003700256 -0.16063567996025085 0.7450000643730164 195 186 179
0.2555612027645111 -0.16042006015777588 0.7440000176429749 196 187 180
0.25801023840904236 -0.16042006015777588 0.7440000176429749 200 191 184
0.2604592442512512 -0.16042006015777588 0.7440000176429749 209 200 193
0.2629082202911377 -0.16042006015777588 0.7440000176429749 213 204 199
0.265000581741333 -0.1602044403553009 0.7430000305175781 210 201 196
0.26744624972343445 -0.1602044403553009 0.7430000305175781 214 205 200
0.26952874660491943 -0.15998882055282593 0.7420000433921814 216 205 200
0.2719711363315582 -0.15998882055282593 0.7420000433921814 217 206 201
0.2740437388420105 -0.15977320075035095 0.7410000562667847 216 205 200
0.27648288011550903 -0.15977320075035095 0.7410000562667847 216 205 200
0.2785455584526062 -0.15955758094787598 0.7400000095367432 218 207 202
0.2809813916683197 -0.15955758094787598 0.7400000095367432 219 208 203
0.2834172546863556 -0.15955758094787598 0.7400000095367432 219 205 201
0.2854667603969574 -0.1593419760465622 0.7390000224113464 216 205 200
0.28712016344070435 -0.15891073644161224 0.737000048160553 213 202 197
0.2895461320877075 -0.15891073644161224 0.737000048160553 212 201 196
0.29236823320388794 -0.15912635624408722 0.7380000352859497 210 201 196
0.2955963909626007 -0.15955758094787598 0.7400000095367432 213 204 199
0.2984349727630615 -0.15977320075035095 0.7410000562667847 215 206 201
0.30128014087677 -0.15998882055282593 0.7420000433921814 214 206 203
0.3045412003993988 -0.16042006015777588 0.7440000176429749 214 206 205
0.3074028491973877 -0.16063567996025085 0.7450000643730164 205 201 202
0.31068694591522217 -0.1610669195652008 0.7470000386238098 101 96 106
0.23849686980247498 -0.16518475115299225 0.7720000147819519 180 173 163
0.2404136061668396 -0.16475680470466614 0.7700000405311584 180 172 160
0.24231712520122528 -0.16432887315750122 0.7680000066757202 185 176 167
0.24452632665634155 -0.16411489248275757 0.7670000195503235 188 179 170
0.24511845409870148 -0.16283108294010162 0.7610000371932983 187 178 169
0.24632184207439423 -0.1619752049446106 0.7570000290870667 185 176 169
0.24782755970954895 -0.16133327782154083 0.7540000081062317 185 176 169
0.2493135780096054 -0.16069138050079346 0.7510000467300415 188 179 172
0.25044453144073486 -0.15983550250530243 0.7470000386238098 193 184 177
0.2522262930870056 -0.1594075709581375 0.7450000643730164 194 187 179
0.253994882106781 -0.1589796245098114 0.7430000305175781 196 189 181
0.25609543919563293 -0.15876565873622894 0.7420000433921814 199 192 184
0.2585378587245941 -0.15876565873622894 0.7420000433921814 202 195 187
0.2606285512447357 -0.15855169296264648 0.7410000562667847 209 202 194
0.26306769251823425 -0.15855169296264648 0.7410000562667847 215 206 199
0.26514849066734314 -0.15833771228790283 0.7400000095367432 218 207 202
0.26758432388305664 -0.15833771228790283 0.7400000095367432 220 209 202
0.2696552574634552 -0.15812373161315918 0.7390000224113464 220 209 202
0.27208781242370605 -0.15812373161315918 0.7390000224113464 222 208 202
0.27377739548683167 -0.15769580006599426 0.737000048160553 222 208 202
0.27620336413383484 -0.15769580006599426 0.737000048160553 225 211 205
0.2782512605190277 -0.1574818342924118 0.7360000610351562 228 212 207
0.28067392110824585 -0.1574818342924118 0.7360000610351562 227 211 206
0.282711923122406 -0.15726785361766815 0.7350000143051147 225 209 204
0.2851313054561615 -0.15726785361766815 0.7350000143051147 221 207 201
0.2871594727039337 -0.1570539027452469 0.734000027179718 216 205 200
0.2899700701236725 -0.15726785361766815 0.7350000143051147 218 207 202
0.2923894226551056 -0.15726785361766815 0.7350000143051147 216 207 202
0.2952099144458771 -0.1574818342924118 0.7360000610351562 217 207 205
0.2996545433998108 -0.15855169296264648 0.7410000562667847 220 210 208
0.3025013506412506 -0.15876565873622894 0.7420000433921814 217 207 205
0.30576571822166443 -0.15919359028339386 0.7440000176429749 210 206 207
0.3090432584285736 -0.15962153673171997 0.7460000514984131 206 201 213
0.23814818263053894 -0.1645490825176239 0.7750000357627869 118 117 119
0.23976746201515198 -0.1639121174812317 0.7720000147819519 174 168 155
0.24168090522289276 -0.1634874790906906 0.7700000405311584 183 175 163
0.24326397478580475 -0.1628505140542984 0.7670000195503235 188 179 170
0.24482734501361847 -0.16221356391906738 0.7640000581741333 190 181 172
0.24637094140052795 -0.16157659888267517 0.7610000371932983 187 180 172
0.24756771326065063 -0.16072730720043182 0.7570000290870667 185 178 170
0.24807754158973694 -0.1594533771276474 0.7510000467300415 185 178 170
0.25021597743034363 -0.15924106538295746 0.7500000596046448 188 181 173
0.25167399644851685 -0.15860410034656525 0.7470000386238098 194 185 178
0.25345245003700256 -0.15817944705486298 0.7450000643730164 196 189 181
0.25487422943115234 -0.15754248201847076 0.7420000433921814 199 192 184
0.2573166787624359 -0.15754248201847076 0.7420000433921814 202 195 187
0.2597590684890747 -0.15754248201847076 0.7420000433921814 208 201 193
0.261848121881485 -0.15733017027378082 0.7410000562667847 213 206 198
0.2639305591583252 -0.1571178436279297 0.7400000095367432 216 207 200
0.2663664221763611 -0.1571178436279297 0.7400000095367432 222 211 204
0.2688022255897522 -0.1571178436279297 0.7400000095367432 224 210 204
0.27087152004241943 -0.15690551698207855 0.7390000224113464 225 211 205
0.27256444096565247 -0.15648087859153748 0.737000048160553 225 209 202
0.27499037981033325 -0.15648087859153748 0.737000048160553 228 212 205
0.27703994512557983 -0.15626855194568634 0.7360000610351562 228 212 205
0.279462605714798 -0.15626855194568634 0.7360000610351562 234 215 209
0.2818852663040161 -0.15626855194568634 0.7360000610351562 230 209 204
0.28392162919044495 -0.1560562402009964 0.7350000143051147 230 211 205
0.2859514057636261 -0.15584391355514526 0.734000027179718 225 209 204
0.28836750984191895 -0.15584391355514526 0.734000027179718 224 210 204
0.29117974638938904 -0.1560562402009964 0.7350000143051147 220 209 202
0.2939985990524292 -0.15626855194568634 0.7360000610351562 222 211 204
0.2972267270088196 -0.1566932052373886 0.7380000352859497 225 213 211
0.30087411403656006 -0.15733017027378082 0.7410000562667847 225 213 211
0.3045412003993988 -0.15796713531017303 0.7440000176429749 217 208 203
0.3074028491973877 -0.15817944705486298 0.7450000643730164 210 204 206
0.3102710545063019 -0.1583917737007141 0.7460000514984131 51 48 62
0.23849686980247498 -0.16263948380947113 0.7720000147819519 173 166 156
0.2404136061668396 -0.1622181534767151 0.7700000405311584 181 173 161
0.24231712520122528 -0.16179680824279785 0.7680000066757202 187 178 169
0.24420754611492157 -0.16137546300888062 0.7660000324249268 189 180 173
0.24479635059833527 -0.1601114273071289 0.7600000500679016 189 182 174
0.24599644541740417 -0.15926873683929443 0.7560000419616699 186 179 171
0.24749888479709625 -0.15863670408725739 0.753000020980835 186 179 171
0.2493135780096054 -0.15821537375450134 0.7510000467300415 187 180 172
0.2501092553138733 -0.15716201066970825 0.7460000514984131 191 184 176
0.25121062994003296 -0.15631932020187378 0.7420000433921814 195 188 180
0.2533111870288849 -0.15610864758491516 0.7410000562667847 199 192 184
0.25540515780448914 -0.15589796006679535 0.7400000095367432 201 194 186
0.2574925720691681 -0.15568728744983673 0.7390000224113464 205 198 190
0.259573370218277 -0.1554766148328781 0.7380000352859497 210 203 195
0.26164764165878296 -0.1552659571170807 0.737000048160553 216 207 200
0.26407358050346375 -0.1552659571170807 0.737000048160553 220 209 202
0.2664995491504669 -0.1552659571170807 0.737000048160553 224 210 204
0.26856058835983276 -0.15505528450012207 0.7360000610351562 224 210 204
0.2709832489490509 -0.15505528450012207 0.7360000610351562 226 210 203
0.2730344533920288 -0.15484459698200226 0.7350000143051147 223 202 197
0.2754538059234619 -0.15484459698200226 0.7350000143051147 227 204 199
0.2771171033382416 -0.15442325174808502 0.7330000400543213 231 208 203
0.279529869556427 -0.15442325174808502 0.7330000400543213 234 211 206
0.28155800700187683 -0.1542125940322876 0.7320000529289246 228 207 202
0.283967524766922 -0.1542125940322876 0.7320000529289246 228 209 203
0.28637704253196716 -0.1542125940322876 0.7320000529289246 225 209 202
0.28918105363845825 -0.15442325174808502 0.7330000400543213 224 210 202
0.291991651058197 -0.15463392436504364 0.734000027179718 225 211 205
0.2948088049888611 -0.15484459698200226 0.7350000143051147 225 214 209
0.29925015568733215 -0.15589796006679535 0.7400000095367432 229 218 213
0.3025013506412506 -0.15631932020187378 0.7420000433921814 222 211 206
0.3053547441959381 -0.1565299779176712 0.7430000305175781 212 206 210
0.3090432584285736 -0.15716201066970825 0.7460000514984131 143 141 157
0.23814818263053894 -0.16199395060539246 0.7750000357627869 134 130 135
0.23976746201515198 -0.16136687994003296 0.7720000147819519 178 169 160
0.24168090522289276 -0.16094882786273956 0.7700000405311584 185 176 167
0.2429468184709549 -0.16011273860931396 0.7660000324249268 189 180 173
0.2445068657398224 -0.15948565304279327 0.7630000114440918 190 181 174
0.24604716897010803 -0.15885859727859497 0.7600000500679016 189 182 174
0.24724069237709045 -0.15802249312400818 0.7560000419616699 186 179 171
0.24807754158973694 -0.15697737038135529 0.7510000467300415 186 179 171
0.24954871833324432 -0.1563502848148346 0.7480000257492065 189 182 174
0.25133705139160156 -0.1559322327375412 0.7460000514984131 195 188 180
0.25243183970451355 -0.1550961434841156 0.7420000433921814 198 191 183
0.253843754529953 -0.1544690728187561 0.7390000224113464 200 193 185
0.25627627968788147 -0.1544690728187561 0.7390000224113464 203 196 188
0.25835874676704407 -0.1542600393295288 0.7380000352859497 208 201 193
0.260434627532959 -0.1540510207414627 0.737000048160553 212 205 197
0.2625039517879486 -0.1538420021533966 0.7360000610351562 216 207 200
0.2645666301250458 -0.1536329686641693 0.7350000143051147 216 205 198
0.26698601245880127 -0.1536329686641693 0.7350000143051147 219 205 199
0.26940539479255676 -0.1536329686641693 0.7350000143051147 207 191 186
0.27145493030548096 -0.1534239500761032 0.734000027179718 188 162 158
0.27349787950515747 -0.1532149314880371 0.7330000400543213 188 156 152
0.2755342721939087 -0.15300589799880981 0.7320000529289246 189 154 151
0.2771843373775482 -0.15258784592151642 0.7300000190734863 199 164 159
0.2795872688293457 -0.15258784592151642 0.7300000190734863 204 173 164
0.2819902002811432 -0.15258784592151642 0.7300000190734863 222 193 183
0.28400352597236633 -0.15237882733345032 0.7290000319480896 227 202 193
0.2864031493663788 -0.15237882733345032 0.7290000319480896 225 207 198
0.2895950973033905 -0.1527968794107437 0.7310000061988831 224 210 202
0.29319965839385986 -0.1534239500761032 0.734000027179718 227 213 205
0.29642125964164734 -0.1538420021533966 0.7360000610351562 229 215 209
0.30006203055381775 -0.1544690728187561 0.7390000224113464 228 214 210
0.3041318953037262 -0.1553051620721817 0.7430000305175781 220 209 204
0.3074028491973877 -0.1557232290506363 0.7450000643730164 217 211 215
0.23814818263053894 -0.16071638464927673 0.7750000357627869 141 137 140
0.2394568920135498 -0.15988688170909882 0.7710000276565552 177 170 162
0.24168090522289276 -0.15967950224876404 0.7700000405311584 184 177 169
0.2429468184709549 -0.15884999930858612 0.7660000324249268 189 180 173
0.2445068657398224 -0.1582278609275818 0.7630000114440918 190 181 174
0.24604716897010803 -0.15760573744773865 0.7600000500679016 191 184 176
0.24724069237709045 -0.15677623450756073 0.7560000419616699 187 180 172
0.24807754158973694 -0.15573936700820923 0.7510000467300415 187 180 172
0.24954871833324432 -0.1551172286272049 0.7480000257492065 191 184 176
0.25133705139160156 -0.15470248460769653 0.7460000514984131 195 188 180
0.2527720332145691 -0.1540803462266922 0.7430000305175781 199 192 184
0.253843754529953 -0.15325084328651428 0.7390000224113464 200 193 185
0.25627627968788147 -0.15325084328651428 0.7390000224113464 205 198 190
0.25835874676704407 -0.1530434638261795 0.7380000352859497 207 200 194
0.260434627532959 -0.15283609926700592 0.737000048160553 209 200 195
0.2625039517879486 -0.15262871980667114 0.7360000610351562 213 204 199
0.2645666301250458 -0.15242134034633636 0.7350000143051147 212 201 196
0.26698601245880127 -0.15242134034633636 0.7350000143051147 206 192 186
0.26940539479255676 -0.15242134034633636 0.7350000143051147 185 162 157
0.27145493030548096 -0.1522139608860016 0.734000027179718 188 151 148
0.28319165110588074 -0.15138445794582367 0.7300000190734863 199 163 153
0.28520333766937256 -0.1511770784854889 0.7290000319480896 205 179 168
0.28839197754859924 -0.15159183740615845 0.7310000061988831 216 198 187
0.2911960184574127 -0.15179921686649323 0.7320000529289246 226 211 201
0.2944076955318451 -0.1522139608860016 0.734000027179718 230 214 207
0.29884573817253113 -0.15325084328651428 0.7390000224113464 232 216 209
0.3025013506412506 -0.15387298166751862 0.7420000433921814 224 213 208
0.3053547441959381 -0.1540803462266922 0.7430000305175781 210 204 208
0.23814818263053894 -0.159438818693161 0.7750000357627869 146 142 145
0.2394568920135498 -0.15861588716506958 0.7710000276565552 177 170 162
0.24168090522289276 -0.1584101766347885 0.7700000405311584 184 177 169
0.2429468184709549 -0.15758726000785828 0.7660000324249268 190 181 174
0.2445068657398224 -0.1569700688123703 0.7630000114440918 192 183 176
0.24604716897010803 -0.15635289251804352 0.7600000500679016 191 184 176
0.24724069237709045 -0.15552999079227448 0.7560000419616699 186 179 171
0.24807754158973694 -0.15450134873390198 0.7510000467300415 187 180 172
0.24954871833324432 -0.1538841724395752 0.7480000257492065 191 184 176
0.25133705139160156 -0.15347272157669067 0.7460000514984131 195 188 182
0.2527720332145691 -0.1528555303812027 0.7430000305175781 199 192 186
0.253843754529953 -0.15203261375427246 0.7390000224113464 201 194 188
0.25627627968788147 -0.15203261375427246 0.7390000224113464 205 198 192
0.2580086588859558 -0.15162117779254913 0.737000048160553 207 200 194
0.260434627532959 -0.15162117779254913 0.737000048160553 208 199 194
0.2625039517879486 -0.15141543745994568 0.7360000610351562 209 200 195
0.2645666301250458 -0.15120971202850342 0.7350000143051147 203 194 187
0.26698601245880127 -0.15120971202850342 0.7350000143051147 194 175 171
0.26940539479255676 -0.15120971202850342 0.7350000143051147 185 158 152
0.28919893503189087 -0.15018106997013092 0.7300000190734863 205 174 163
0.2928002178668976 -0.1507982611656189 0.7330000400543213 228 207 194
0.2960185110569 -0.15120971202850342 0.7350000143051147 230 212 203
0.2996560037136078 -0.1518268883228302 0.7380000352859497 228 209 203
0.3041318953037262 -0.1528555303812027 0.7430000305175781 216 205 196
0.23814818263053894 -0.1581612378358841 0.7750000357627869 150 144 150
0.23976746201515198 -0.15754899382591248 0.7720000147819519 177 170 162
0.24168090522289276 -0.157140851020813 0.7700000405311584 186 179 171
0.24326397478580475 -0.15652860701084137 0.7670000195503235 189 182 174
0.24482734501361847 -0.15591637790203094 0.7640000581741333 190 181 174
0.24637094140052795 -0.15530413389205933 0.7610000371932983 191 184 176
0.24756771326065063 -0.15448781847953796 0.7570000290870667 187 180 172
0.24807754158973694 -0.15326334536075592 0.7510000467300415 188 181 173
0.24988234043121338 -0.15285517275333405 0.7490000128746033 191 184 176
0.25133705139160156 -0.15224294364452362 0.7460000514984131 195 188 182
0.2527720332145691 -0.151630699634552 0.7430000305175781 200 193 187
0.2541872262954712 -0.15101847052574158 0.7400000095367432 202 195 189
0.25627627968788147 -0.15081438422203064 0.7390000224113464 206 199 193
0.2580086588859558 -0.15040624141693115 0.737000048160553 207 198 193
0.260434627532959 -0.15040624141693115 0.737000048160553 207 198 193
0.2625039517879486 -0.15020215511322021 0.7360000610351562 206 197 192
0.26492661237716675 -0.15020215511322021 0.7360000610351562 199 185 179
0.26698601245880127 -0.14999806880950928 0.7350000143051147 186 165 160
0.26940539479255676 -0.14999806880950928 0.7350000143051147 183 153 146
0.23849686980247498 -0.1562763750553131 0.7720000147819519 175 168 160
0.2404136061668396 -0.15587151050567627 0.7700000405311584 181 174 166
0.24231712520122528 -0.15546666085720062 0.7680000066757202 187 180 172
0.24452632665634155 -0.155264213681221 0.7670000195503235 191 184 176
0.24511845409870148 -0.15404964983463287 0.7610000371932983 191 184 176
0.24632184207439423 -0.1532399207353592 0.7570000290870667 188 181 173
0.24782755970954895 -0.15263262391090393 0.7540000081062317 187 180 172
0.2493135780096054 -0.15202534198760986 0.7510000467300415 189 182 174
0.2501092553138733 -0.15101319551467896 0.7460000514984131 194 187 181
0.2515491843223572 -0.1504058986902237 0.7430000305175781 199 190 185
0.25365301966667175 -0.15020346641540527 0.7420000433921814 203 194 189
0.25540515780448914 -0.14979858696460724 0.7400000095367432 206 197 192
0.2567957043647766 -0.14919130504131317 0.737000048160553 208 199 194
0.2592216432094574 -0.14919130504131317 0.737000048160553 207 198 193
0.26164764165878296 -0.14919130504131317 0.737000048160553 204 195 190
0.2637152671813965 -0.14898888766765594 0.7360000610351562 201 187 181
0.2661379277706146 -0.14898888766765594 0.7360000610351562 192 170 162
0.2681956887245178 -0.14878644049167633 0.7350000143051147 181 150 141
0.23814818263053894 -0.15560609102249146 0.7750000357627869 157 151 155
0.23976746201515198 -0.15500375628471375 0.7720000147819519 178 171 161
0.24168090522289276 -0.15460219979286194 0.7700000405311584 186 179 171
0.24326397478580475 -0.15399983525276184 0.7670000195503235 191 184 176
0.24482734501361847 -0.15339750051498413 0.7640000581741333 191 184 176
0.24637094140052795 -0.15279515087604523 0.7610000371932983 191 184 176
0.2478947639465332 -0.15219280123710632 0.7580000162124634 188 181 173
0.24840785562992096 -0.1509881168603897 0.7520000338554382 188 181 173
0.2505495846271515 -0.1507873386144638 0.7510000467300415 192 185 177
0.25167399644851685 -0.149984210729599 0.7470000386238098 195 188 180
0.25311222672462463 -0.1493818610906601 0.7440000176429749 200 193 187
0.2541872262954712 -0.1485787183046341 0.7400000095367432 204 195 190
0.25627627968788147 -0.1483779400587082 0.7390000224113464 207 198 193
0.25835874676704407 -0.14817717671394348 0.7380000352859497 208 199 194
0.26008129119873047 -0.14777560532093048 0.7360000610351562 204 195 190
0.2625039517879486 -0.14777560532093048 0.7360000610351562 199 190 185
0.26492661237716675 -0.14777560532093048 0.7360000610351562 192 178 170
0.2673492729663849 -0.14777560532093048 0.7360000610351562 165 140 133
0.26940539479255676 -0.14757481217384338 0.7350000143051147 176 140 130
0.23880581557750702 -0.15393026173114777 0.7730000615119934 173 166 156
0.2407258152961731 -0.1535319983959198 0.7710000276565552 183 174 165
0.2426326721906662 -0.15313373506069183 0.7690000534057617 188 179 172
0.24484515190124512 -0.15293459594249725 0.7680000066757202 191 184 176
0.24511845409870148 -0.15154065191745758 0.7610000371932983 192 185 177
0.24697263538837433 -0.15114238858222961 0.7590000629425049 188 181 173
0.24848493933677673 -0.15054500102996826 0.7560000419616699 188 181 173
0.25030946731567383 -0.1501467227935791 0.7540000081062317 191 184 176
0.25077980756759644 -0.148951917886734 0.7480000257492065 194 187 179
0.2518877387046814 -0.14815539121627808 0.7440000176429749 199 192 184
0.25365301966667175 -0.1477571278810501 0.7420000433921814 203 194 187
0.25540515780448914 -0.14735884964466095 0.7400000095367432 206 197 190
0.25714415311813354 -0.14696058630943298 0.7380000352859497 208 199 192
0.2592216432094574 -0.1467614471912384 0.737000048160553 206 197 190
0.26129260659217834 -0.14656232297420502 0.7360000610351562 201 192 185
0.2637152671813965 -0.14656232297420502 0.7360000610351562 199 185 177
0.2661379277706146 -0.14656232297420502 0.7360000610351562 190 165 156
0.26856058835983276 -0.14656232297420502 0.7360000610351562 170 132 121
0.23880581557750702 -0.15265600383281708 0.7730000615119934 174 165 156
0.2407258152961731 -0.15226101875305176 0.7710000276565552 183 174 165
0.2426326721906662 -0.15186606347560883 0.7690000534057617 188 179 170
0.24484515190124512 -0.15166856348514557 0.7680000066757202 192 185 177
0.24511845409870148 -0.15028616786003113 0.7610000371932983 192 185 177
0.24697263538837433 -0.1498912125825882 0.7590000629425049 187 180 172
0.24848493933677673 -0.149298757314682 0.7560000419616699 187 180 172
0.25030946731567383 -0.1489037722349167 0.7540000081062317 192 185 177
0.25077980756759644 -0.1477188616991043 0.7480000257492065 194 187 179
0.2518877387046814 -0.14692892134189606 0.7440000176429749 199 192 184
0.25365301966667175 -0.14653395116329193 0.7420000433921814 202 195 187
0.25540515780448914 -0.1461389660835266 0.7400000095367432 205 198 190
0.2567957043647766 -0.14554652571678162 0.737000048160553 208 199 192
0.2592216432094574 -0.14554652571678162 0.737000048160553 206 197 190
0.26129260659217834 -0.14534904062747955 0.7360000610351562 200 191 184
0.2637152671813965 -0.14534904062747955 0.7360000610351562 199 185 177
0.2661379277706146 -0.14534904062747955 0.7360000610351562 191 166 157
0.2681956887245178 -0.1451515555381775 0.7350000143051147 167 127 114
0.23880581557750702 -0.151381716132164 0.7730000615119934 175 167 155
0.24103805422782898 -0.15118587017059326 0.7720000147819519 183 175 163
0.24294817447662354 -0.15079420804977417 0.7700000405311584 188 179 170
0.2451639622449875 -0.15059837698936462 0.7690000534057617 193 184 175
0.2454405277967453 -0.14922751486301422 0.7620000243186951 192 185 177
0.24729801714420319 -0.14883585274219513 0.7600000500679016 187 180 172
0.24881361424922943 -0.1482483297586441 0.7570000290870667 188 181 173
0.25064146518707275 -0.147856667637825 0.7550000548362732 192 185 177
0.25077980756759644 -0.1464858055114746 0.7480000257492065 194 187 179
0.2522262930870056 -0.14589829742908478 0.7450000643730164 200 193 185
0.25365301966667175 -0.14531078934669495 0.7420000433921814 202 195 187
0.25540515780448914 -0.14491909742355347 0.7400000095367432 205 198 190
0.2567957043647766 -0.14433160424232483 0.737000048160553 207 198 191
0.2588699460029602 -0.1441357582807541 0.7360000610351562 206 197 190
0.26129260659217834 -0.1441357582807541 0.7360000610351562 201 192 185
0.2637152671813965 -0.1441357582807541 0.7360000610351562 199 185 177
0.2661379277706146 -0.1441357582807541 0.7360000610351562 187 162 153
0.2681956887245178 -0.14393991231918335 0.7350000143051147 164 127 113
0.23911476135253906 -0.15030163526535034 0.7740000486373901 174 168 155
0.24103805422782898 -0.1499132513999939 0.7720000147819519 185 176 167
0.24326370656490326 -0.14971907436847687 0.7710000276565552 189 180 171
0.24548277258872986 -0.14952488243579865 0.7700000405311584 193 184 177
0.24608474969863892 -0.1483597606420517 0.7640000581741333 192 185 177
0.24762339890003204 -0.14777718484401703 0.7610000371932983 187 180 172
0.2494710087776184 -0.14738881587982178 0.7590000629425049 188 181 173
0.2509734332561493 -0.1468062549829483 0.7560000419616699 192 185 177
0.2511150538921356 -0.14544692635536194 0.7490000128746033 194 187 179
0.2522262930870056 -0.14467018842697144 0.7450000643730164 200 193 185
0.25365301966667175 -0.14408761262893677 0.7420000433921814 202 195 187
0.2557503283023834 -0.14389343559741974 0.7410000562667847 205 198 190
0.25714415311813354 -0.14331085979938507 0.7380000352859497 208 199 192
0.2588699460029602 -0.14292249083518982 0.7360000610351562 206 197 190
0.26129260659217834 -0.14292249083518982 0.7360000610351562 202 193 186
0.2637152671813965 -0.14292249083518982 0.7360000610351562 201 187 181
0.2661379277706146 -0.14292249083518982 0.7360000610351562 182 162 154
0.26856058835983276 -0.14292249083518982 0.7360000610351562 160 126 116
0.23911476135253906 -0.14902572333812714 0.7740000486373901 174 167 157
0.24103805422782898 -0.14864063262939453 0.7720000147819519 183 174 165
0.24326370656490326 -0.14844809472560883 0.7710000276565552 188 179 172
0.24548277258872986 -0.14825554192066193 0.7700000405311584 193 184 177
0.24608474969863892 -0.1471003293991089 0.7640000581741333 193 184 177
0.24762339890003204 -0.14652268588542938 0.7610000371932983 188 181 173
0.2494710087776184 -0.14613762497901917 0.7590000629425049 188 181 173
0.2509734332561493 -0.14555999636650085 0.7560000419616699 193 186 178
0.2511150538921356 -0.14421221613883972 0.7490000128746033 195 188 180
0.2522262930870056 -0.1434420645236969 0.7450000643730164 200 193 185
0.25365301966667175 -0.1428644359111786 0.7420000433921814 202 195 187
0.2557503283023834 -0.14267189800739288 0.7410000562667847 205 198 190
0.25714415311813354 -0.14209428429603577 0.7380000352859497 207 198 191
0.2588699460029602 -0.14170920848846436 0.7360000610351562 209 198 191
0.26129260659217834 -0.14170920848846436 0.7360000610351562 205 194 187
0.2637152671813965 -0.14170920848846436 0.7360000610351562 205 191 185
0.2661379277706146 -0.14170920848846436 0.7360000610351562 188 169 163
0.26856058835983276 -0.14170920848846436 0.7360000610351562 173 143 136
0.2394236922264099 -0.14794068038463593 0.7750000357627869 175 168 158
0.24135029315948486 -0.14755889773368835 0.7730000615119934 185 176 169
0.2435792088508606 -0.14736799895763397 0.7720000147819519 189 180 173
0.24548277258872986 -0.1469862312078476 0.7700000405311584 193 184 177
0.24640685319900513 -0.14603176712989807 0.76500004529953 193 184 177
0.24762339890003204 -0.14526820182800293 0.7610000371932983 188 181 173
0.2497996687889099 -0.14507731795310974 0.7600000500679016 188 181 173
0.2513054311275482 -0.14450465142726898 0.7570000290870667 193 186 178
0.2511150538921356 -0.1429775059223175 0.7490000128746033 195 188 180
0.25256484746932983 -0.14240483939647675 0.7460000514984131 200 193 185
0.253994882106781 -0.1418321579694748 0.7430000305175781 202 195 187
0.2557503283023834 -0.14145039021968842 0.7410000562667847 206 199 191
0.25714415311813354 -0.14087770879268646 0.7380000352859497 210 199 192
0.2592216432094574 -0.14068682491779327 0.737000048160553 209 198 191
0.26129260659217834 -0.1404959261417389 0.7360000610351562 209 198 191
0.26407358050346375 -0.14068682491779327 0.737000048160553 204 193 186
0.2664995491504669 -0.14068682491779327 0.737000048160553 197 181 174
0.2689254879951477 -0.14068682491779327 0.737000048160553 179 157 147
0.2709832489490509 -0.1404959261417389 0.7360000610351562 165 131 121
0.23907004296779633 -0.1472308486700058 0.7780000567436218 167 166 166
0.24100977182388306 -0.14685234427452087 0.7760000228881836 179 172 162
0.242936372756958 -0.14647386968135834 0.7740000486373901 187 178 171
0.24453262984752655 -0.14590613543987274 0.7710000276565552 190 181 174
0.24610912799835205 -0.14533840119838715 0.7680000066757202 193 184 177
0.24798963963985443 -0.1449599266052246 0.7660000324249268 190 181 174
0.2492029219865799 -0.14420294761657715 0.7620000243186951 188 181 173
0.2500595152378082 -0.14325673878192902 0.7570000290870667 191 184 176
0.25155043601989746 -0.14268900454044342 0.7540000081062317 194 187 179
0.25302162766456604 -0.14212128520011902 0.7510000467300415 198 191 183
0.2537926435470581 -0.1411750763654709 0.7460000514984131 201 194 186
0.25487422943115234 -0.14041809737682343 0.7420000433921814 203 196 188
0.2566230595111847 -0.1400396078824997 0.7400000095367432 206 199 191
0.2587088346481323 -0.13985036313533783 0.7390000224113464 209 200 193
0.2607879936695099 -0.13966113328933716 0.7380000352859497 210 199 192
0.2632172405719757 -0.13966113328933716 0.7380000352859497 209 198 191
0.2656465172767639 -0.13966113328933716 0.7380000352859497 202 191 184
0.26843899488449097 -0.13985036313533783 0.7390000224113464 190 176 170
0.2701384723186493 -0.1394718885421753 0.737000048160553 184 169 159
0.27219459414482117 -0.13928264379501343 0.7360000610351562 170 148 138
0.23973260819911957 -0.14557313919067383 0.7760000228881836 175 168 158
0.24166250228881836 -0.14519794285297394 0.7740000486373901 185 176 169
0.2435792088508606 -0.14482274651527405 0.7720000147819519 189 180 173
0.24580156803131104 -0.1446351706981659 0.7710000276565552 193 184 177
0.24672895669937134 -0.14369720220565796 0.7660000324249268 193 184 177
0.2479487806558609 -0.14294680953025818 0.7620000243186951 189 180 173
0.2501283586025238 -0.14275921881198883 0.7610000371932983 191 184 176
0.2513054311275482 -0.14200885593891144 0.7570000290870667 193 186 178
0.25178560614585876 -0.14088328182697296 0.7510000467300415 196 189 181
0.25256484746932983 -0.13994531333446503 0.7460000514984131 200 193 185
0.25433674454689026 -0.13957011699676514 0.7440000176429749 202 195 187
0.25609543919563293 -0.13919493556022644 0.7420000433921814 206 199 191
0.2574925720691681 -0.1386321485042572 0.7390000224113464 208 199 192
0.259573370218277 -0.13844454288482666 0.7380000352859497 211 200 193
0.2620026171207428 -0.13844454288482666 0.7380000352859497 210 199 192
0.2644318640232086 -0.13844454288482666 0.7380000352859497 208 197 190
0.26686111092567444 -0.13844454288482666 0.7380000352859497 201 187 181
0.26929035782814026 -0.13844454288482666 0.7380000352859497 193 179 173
0.2713514566421509 -0.1382569670677185 0.737000048160553 187 172 162
0.2730344533920288 -0.13788177073001862 0.7350000143051147 176 156 146
0.23907004296779633 -0.14466582238674164 0.7780000567436218 170 169 169
0.24100977182388306 -0.1442939192056656 0.7760000228881836 181 172 163
0.24325023591518402 -0.14410796761512756 0.7750000357627869 187 178 171
0.2448497861623764 -0.14355012774467468 0.7720000147819519 190 181 174
0.24642960727214813 -0.142992302775383 0.7690000534057617 193 184 177
0.24798963963985443 -0.14243446290493011 0.7660000324249268 190 181 174
0.24952995777130127 -0.14187662303447723 0.7630000114440918 189 182 174
0.25038984417915344 -0.1409468948841095 0.7580000162124634 192 185 177
0.25155043601989746 -0.14020311832427979 0.7540000081062317 195 188 180
0.25302162766456604 -0.1396452784538269 0.7510000467300415 198 191 183
0.25413283705711365 -0.138901486992836 0.7470000386238098 201 194 186
0.25487422943115234 -0.13797175884246826 0.7420000433921814 205 198 190
0.2569698691368103 -0.13778582215309143 0.7410000562667847 206 199 191
0.2590589225292206 -0.1375998556613922 0.7400000095367432 209 200 193
0.2611413598060608 -0.13741391897201538 0.7390000224113464 211 200 193
0.26357391476631165 -0.13741391897201538 0.7390000224113464 211 200 193
0.2660064697265625 -0.13741391897201538 0.7390000224113464 206 195 188
0.26843899488449097 -0.13741391897201538 0.7390000224113464 199 188 181
0.27050501108169556 -0.13722796738147736 0.7380000352859497 197 186 179
0.27219459414482117 -0.1368560940027237 0.7360000610351562 190 179 170
0.274244099855423 -0.13667014241218567 0.7350000143051147 181 166 154
0.2762870788574219 -0.13648419082164764 0.734000027179718 175 153 145
0.23907004296779633 -0.14338330924510956 0.7780000567436218 174 171 168
0.24100977182388306 -0.14301469922065735 0.7760000228881836 181 172 163
0.24325023591518402 -0.14283040165901184 0.7750000357627869 187 178 171
0.2448497861623764 -0.14227750897407532 0.7720000147819519 190 181 176
0.24642960727214813 -0.1417246311903 0.7690000534057617 193 184 177
0.24831341207027435 -0.14135602116584778 0.7670000195503235 188 181 173
0.24985700845718384 -0.14080314338207245 0.7640000581741333 189 182 174
0.25072017312049866 -0.13988164067268372 0.7590000629425049 192 185 177
0.2518840730190277 -0.13914446532726288 0.7550000548362732 195 188 180
0.25302162766456604 -0.13840727508068085 0.7510000467300415 198 191 183
0.2544730603694916 -0.13785438239574432 0.7480000257492065 202 193 186
0.2552177309989929 -0.1369328796863556 0.7430000305175781 206 197 190
0.2573166787624359 -0.13674859702587128 0.7420000433921814 207 198 191
0.25940898060798645 -0.13656429946422577 0.7410000562667847 209 200 193
0.2611413598060608 -0.13619570434093475 0.7390000224113464 210 201 194
0.26357391476631165 -0.13619570434093475 0.7390000224113464 210 201 194
0.2663664221763611 -0.13637998700141907 0.7400000095367432 209 198 191
0.2688022255897522 -0.13637998700141907 0.7400000095367432 204 193 186
0.27087152004241943 -0.13619570434093475 0.7390000224113464 201 190 183
0.27256444096565247 -0.13582710921764374 0.737000048160553 197 186 179
0.2746172845363617 -0.13564281165599823 0.7360000610351562 194 183 174
0.27666348218917847 -0.13545851409435272 0.7350000143051147 187 171 164
0.2783235013484955 -0.1350899189710617 0.7330000400543213 180 162 153
0.23937731981277466 -0.14228342473506927 0.7790000438690186 174 171 168
0.24132035672664642 -0.1419181227684021 0.7770000100135803 181 174 166
0.24325023591518402 -0.14155283570289612 0.7750000357627869 187 178 171
0.2448497861623764 -0.14100489020347595 0.7720000147819519 190 181 176
0.24675004184246063 -0.14063958823680878 0.7700000405311584 193 184 177
0.24831341207027435 -0.1400916427373886 0.7670000195503235 188 181 173
0.24985700845718384 -0.13954369723796844 0.7640000581741333 189 182 174
0.25072017312049866 -0.1386304646730423 0.7590000629425049 192 185 177
0.2518840730190277 -0.13789986073970795 0.7550000548362732 195 188 180
0.25302162766456604 -0.1371692717075348 0.7510000467300415 198 191 183
0.2544730603694916 -0.13662131130695343 0.7480000257492065 202 193 186
0.2552177309989929 -0.1357080638408661 0.7430000305175781 206 197 190
0.2573166787624359 -0.1355254203081131 0.7420000433921814 207 198 191
0.25940898060798645 -0.1353427767753601 0.7410000562667847 210 201 194
0.2611413598060608 -0.13497745990753174 0.7390000224113464 210 201 194
0.26357391476631165 -0.13497745990753174 0.7390000224113464 213 202 195
0.2663664221763611 -0.13516011834144592 0.7400000095367432 213 199 193
0.2688022255897522 -0.13516011834144592 0.7400000095367432 208 194 188
0.27087152004241943 -0.13497745990753174 0.7390000224113464 206 195 188
0.27256444096565247 -0.13461218774318695 0.737000048160553 204 193 186
0.2746172845363617 -0.13442952930927277 0.7360000610351562 198 187 180
0.27666348218917847 -0.13424687087535858 0.7350000143051147 192 181 174
0.2783235013484955 -0.1338815838098526 0.7330000400543213 189 175 167
0.27997025847435 -0.13351628184318542 0.7310000061988831 181 165 158
0.2400415539741516 -0.14063724875450134 0.7770000100135803 177 170 164
0.24228693544864655 -0.14045625925064087 0.7760000228881836 186 177 172
0.24421025812625885 -0.14009426534175873 0.7740000486373901 189 180 175
0.24643918871879578 -0.13991326093673706 0.7730000615119934 193 184 177
0.24705103039741516 -0.13882724940776825 0.7670000195503235 192 185 177
0.248599573969841 -0.13828425109386444 0.7640000581741333 188 181 173
0.2504570484161377 -0.1379222571849823 0.7620000243186951 191 184 176
0.25230133533477783 -0.13756026327610016 0.7600000500679016 194 187 179
0.25212088227272034 -0.1361122578382492 0.7520000338554382 196 189 181
0.2535805106163025 -0.1355692446231842 0.7490000128746033 201 192 185
0.25536230206489563 -0.13520726561546326 0.7470000386238098 203 194 187
0.25678572058677673 -0.13466425240039825 0.7440000176429749 206 197 190
0.25818943977355957 -0.13412125408649445 0.7410000562667847 209 200 193
0.26027682423591614 -0.13394024968147278 0.7400000095367432 213 202 195
0.26271265745162964 -0.13394024968147278 0.7400000095367432 215 201 195
0.2655068039894104 -0.13412125408649445 0.7410000562667847 216 200 195
0.26794594526290894 -0.13412125408649445 0.7410000562667847 214 200 194
0.2703850567340851 -0.13412125408649445 0.7410000562667847 213 199 193
0.27245599031448364 -0.13394024968147278 0.7400000095367432 211 197 191
0.27377739548683167 -0.13339725136756897 0.737000048160553 208 197 190
0.2754538059234619 -0.13303524255752563 0.7350000143051147 203 192 185
0.2778731882572174 -0.13303524255752563 0.7350000143051147 198 187 180
0.27991122007369995 -0.13285425305366516 0.734000027179718 191 180 173
0.28155800700187683 -0.13249224424362183 0.7320000529289246 183 169 161
0.2400415539741516 -0.13935638964176178 0.7770000100135803 177 170 164
0.24228693544864655 -0.13917703926563263 0.7760000228881836 185 176 171
0.24421025812625885 -0.13881835341453552 0.7740000486373901 189 180 175
0.24643918871879578 -0.13863898813724518 0.7730000615119934 193 184 177
0.24705103039741516 -0.13756287097930908 0.7670000195503235 192 185 177
0.248599573969841 -0.13702481985092163 0.7640000581741333 188 181 173
0.2504570484161377 -0.13666611909866333 0.7620000243186951 192 185 177
0.25230133533477783 -0.13630741834640503 0.7600000500679016 194 187 179
0.25212088227272034 -0.13487260043621063 0.7520000338554382 196 189 181
0.2535805106163025 -0.134334534406662 0.7490000128746033 200 193 185
0.25536230206489563 -0.13397584855556488 0.7470000386238098 203 194 187
0.25678572058677673 -0.13343778252601624 0.7440000176429749 206 197 190
0.25818943977355957 -0.13289973139762878 0.7410000562667847 211 200 193
0.26027682423591614 -0.13272036612033844 0.7400000095367432 217 203 197
0.26271265745162964 -0.13272036612033844 0.7400000095367432 217 203 197
0.26586511731147766 -0.13307908177375793 0.7420000433921814 218 202 197
0.26830753684043884 -0.13307908177375793 0.7420000433921814 216 200 193
0.27074992656707764 -0.13307908177375793 0.7420000433921814 214 200 192
0.2731923758983612 -0.13307908177375793 0.7420000433921814 213 199 193
0.2745203375816345 -0.13254103064537048 0.7390000224113464 209 198 191
0.27620336413383484 -0.132182314991951 0.737000048160553 205 194 189
0.2782512605190277 -0.13200296461582184 0.7360000610351562 202 191 186
0.2802925407886505 -0.1318236142396927 0.7350000143051147 195 184 179
0.2819426655769348 -0.1314649134874344 0.7330000400543213 188 177 170
0.23937731981277466 -0.13843093812465668 0.7790000438690186 175 172 169
0.24132035672664642 -0.13807553052902222 0.7770000100135803 179 175 168
0.24356411397457123 -0.1378978192806244 0.7760000228881836 188 179 174
0.24516697227954865 -0.1373647302389145 0.7730000615119934 192 183 178
0.2470705211162567 -0.13700930774211884 0.7710000276565552 193 184 179
0.24831341207027435 -0.13629849255084991 0.7670000195503235 189 180 173
0.24985700845718384 -0.13576538860797882 0.7640000581741333 189 182 174
0.25105053186416626 -0.1350545734167099 0.7600000500679016 193 186 178
0.25255128741264343 -0.1345214545726776 0.7570000290870667 196 189 181
0.25369542837142944 -0.13381065428256989 0.753000020980835 198 191 183
0.25515347719192505 -0.1332775354385376 0.7500000596046448 202 193 186
0.25624823570251465 -0.13256673514842987 0.7460000514984131 206 197 190
0.25801023840904236 -0.1322113275527954 0.7440000176429749 211 200 193
0.2597590684890747 -0.13185590505599976 0.7420000433921814 213 202 195
0.2622014880180359 -0.13185590505599976 0.7420000433921814 218 204 198
0.26464390754699707 -0.13185590505599976 0.7420000433921814 219 203 198
0.26708632707595825 -0.13185590505599976 0.7420000433921814 219 203 198
0.26952874660491943 -0.13185590505599976 0.7420000433921814 218 202 195
0.2719711363315582 -0.13185590505599976 0.7420000433921814 215 201 193
0.2736738920211792 -0.1315004974603653 0.7400000095367432 214 200 194
0.27573660016059875 -0.13132280111312866 0.7390000224113464 211 200 193
0.2774163484573364 -0.1309673935174942 0.737000048160553 205 194 187
0.27908286452293396 -0.13061198592185974 0.7350000143051147 203 192 187
0.2811192572116852 -0.1304342895746231 0.734000027179718 196 187 182
0.2831490635871887 -0.13025657832622528 0.7330000400543213 188 179 174
0.23937731981277466 -0.13714677095413208 0.7790000438690186 174 174 170
0.24132035672664642 -0.13679465651512146 0.7770000100135803 182 175 169
0.24356411397457123 -0.13661859929561615 0.7760000228881836 187 180 174
0.24516697227954865 -0.1360904425382614 0.7730000615119934 192 183 178
0.2470705211162567 -0.1357383280992508 0.7710000276565552 192 183 178
0.24831341207027435 -0.13503411412239075 0.7670000195503235 189 180 175
0.250184029340744 -0.13468201458454132 0.76500004529953 190 181 174
0.25105053186416626 -0.13380172848701477 0.7600000500679016 193 186 178
0.25255128741264343 -0.13327355682849884 0.7570000290870667 196 189 181
0.25369542837142944 -0.1325693428516388 0.753000020980835 198 191 183
0.2554936707019806 -0.13221722841262817 0.7510000467300415 200 193 185
0.25624823570251465 -0.13133695721626282 0.7460000514984131 206 197 190
0.25835704803466797 -0.1311609148979187 0.7450000643730164 211 200 191
0.26010915637016296 -0.13080880045890808 0.7430000305175781 215 201 193
0.2622014880180359 -0.13063274323940277 0.7420000433921814 219 205 197
0.26464390754699707 -0.13063274323940277 0.7420000433921814 219 203 196
0.26708632707595825 -0.13063274323940277 0.7420000433921814 220 204 197
0.26989197731018066 -0.13080880045890808 0.7430000305175781 220 204 197
0.2719711363315582 -0.13063274323940277 0.7420000433921814 219 203 196
0.2744135856628418 -0.13063274323940277 0.7420000433921814 217 203 195
0.2761097252368927 -0.13028062880039215 0.7400000095367432 215 201 193
0.2781691551208496 -0.13010458648204803 0.7390000224113464 209 198 191
0.279462605714798 -0.1295764148235321 0.7360000610351562 205 194 189
0.28150224685668945 -0.1294003427028656 0.7350000143051147 199 190 185
0.283535361289978 -0.12922430038452148 0.734000027179718 194 185 180
0.2859514057636261 -0.12922430038452148 0.734000027179718 188 179 172
0.2400415539741516 -0.1355137974023819 0.7770000100135803 177 170 164
0.24228693544864655 -0.1353393942117691 0.7760000228881836 186 179 173
0.24421025812625885 -0.13499058783054352 0.7740000486373901 190 181 176
0.24643918871879578 -0.13481616973876953 0.7730000615119934 193 184 179
0.24705103039741516 -0.13376973569393158 0.7670000195503235 192 183 176
0.248599573969841 -0.133246511220932 0.7640000581741333 189 180 173
0.2504570484161377 -0.13289770483970642 0.7620000243186951 192 183 176
0.25230133533477783 -0.13254888355731964 0.7600000500679016 195 188 180
0.2524561285972595 -0.1313280314207077 0.753000020980835 198 191 183
0.2542576491832733 -0.13097922503948212 0.7510000467300415 200 191 184
0.25604596734046936 -0.13063040375709534 0.7490000128746033 204 193 184
0.25747600197792053 -0.13010719418525696 0.7460000514984131 211 198 187
0.25888630747795105 -0.12958396971225739 0.7430000305175781 215 200 190
0.2609802782535553 -0.1294095665216446 0.7420000433921814 216 201 191
0.2634226977825165 -0.1294095665216446 0.7420000433921814 221 206 196
0.26586511731147766 -0.1294095665216446 0.7420000433921814 222 204 195
0.26830753684043884 -0.1294095665216446 0.7420000433921814 224 206 197
0.27074992656707764 -0.1294095665216446 0.7420000433921814 222 204 195
0.2731923758983612 -0.1294095665216446 0.7420000433921814 221 206 196
0.27489182353019714 -0.1290607452392578 0.7400000095367432 219 206 195
0.2769528925418854 -0.12888634204864502 0.7390000224113464 215 201 195
0.2786293029785156 -0.12853753566741943 0.737000048160553 209 198 191
0.28067392110824585 -0.12836313247680664 0.7360000610351562 204 193 186
0.2823272943496704 -0.12801431119441986 0.734000027179718 201 190 185
0.28474336862564087 -0.12801431119441986 0.734000027179718 195 186 179
0.23937731981277466 -0.13457843661308289 0.7790000438690186 175 175 169
0.24132035672664642 -0.13423292338848114 0.7770000100135803 182 175 167
0.24356411397457123 -0.13406017422676086 0.7760000228881836 187 180 172
0.24516697227954865 -0.13354189693927765 0.7730000615119934 189 182 174
0.2470705211162567 -0.1331963837146759 0.7710000276565552 192 183 176
0.24831341207027435 -0.13250534236431122 0.7670000195503235 189 180 173
0.24985700845718384 -0.1319870799779892 0.7640000581741333 189 180 173
0.25105053186416626 -0.1312960535287857 0.7600000500679016 193 184 177
0.25255128741264343 -0.1307777762413025 0.7570000290870667 195 188 180
0.2540323734283447 -0.13025948405265808 0.7540000081062317 196 187 180
0.2554936707019806 -0.12974122166633606 0.7510000467300415 197 184 173
0.25659170746803284 -0.12905019521713257 0.7470000386238098 207 189 180
0.25835704803466797 -0.12870468199253082 0.7450000643730164 211 189 179
0.2604592442512512 -0.12853191792964935 0.7440000176429749 216 195 182
0.2622014880180359 -0.1281864047050476 0.7420000433921814 223 202 189
0.26464390754699707 -0.1281864047050476 0.7420000433921814 225 204 191
0.26708632707595825 -0.1281864047050476 0.7420000433921814 225 203 193
0.26989197731018066 -0.12835915386676788 0.7430000305175781 225 205 195
0.2723376750946045 -0.12835915386676788 0.7430000305175781 223 205 194
0.2744135856628418 -0.1281864047050476 0.7420000433921814 224 206 197
0.2768559753894806 -0.1281864047050476 0.7420000433921814 221 206 196
0.2785455584526062 -0.12784087657928467 0.7400000095367432 215 201 193
0.28022199869155884 -0.12749536335468292 0.7380000352859497 210 199 192
0.2818852663040161 -0.12714985013008118 0.7360000610351562 204 193 186
0.28392162919044495 -0.1269770860671997 0.7350000143051147 203 192 185
0.28634098172187805 -0.1269770860671997 0.7350000143051147 197 188 181
0.2400415539741516 -0.13295206427574158 0.7770000100135803 178 171 163
0.24228693544864655 -0.13278095424175262 0.7760000228881836 187 178 171
0.24452577531337738 -0.13260984420776367 0.7750000357627869 190 181 174
0.24643918871879578 -0.13226762413978577 0.7730000615119934 192 183 176
0.24705103039741516 -0.13124096393585205 0.7670000195503235 192 183 176
0.248599573969841 -0.1307276338338852 0.7640000581741333 188 179 172
0.2501283586025238 -0.13021431863307953 0.7610000371932983 192 183 176
0.25230133533477783 -0.13004320859909058 0.7600000500679016 193 184 177
0.2527914047241211 -0.12901653349399567 0.7540000081062317 203 183 173
0.2542576491832733 -0.12850321829319 0.7510000467300415 178 147 136
0.25604596734046936 -0.1281609982252121 0.7490000128746033 182 144 135
0.2702552378177643 -0.12730544805526733 0.7440000176429749 230 206 194
0.2723376750946045 -0.12713433802127838 0.7430000305175781 224 205 192
0.2747834026813507 -0.12713433802127838 0.7430000305175781 223 205 194
0.2768559753894806 -0.12696322798728943 0.7420000433921814 221 206 196
0.2789219915866852 -0.12679213285446167 0.7410000562667847 217 203 195
0.28060171008110046 -0.12644989788532257 0.7390000224113464 211 200 191
0.2822682559490204 -0.12610767781734467 0.737000048160553 205 194 185
0.28469419479370117 -0.12610767781734467 0.737000048160553 204 193 186
0.2867306172847748 -0.1259365826845169 0.7360000610351562 201 190 183
0.23968461155891418 -0.13217957317829132 0.7800000309944153 175 175 169
0.24132035672664642 -0.13167119026184082 0.7770000100135803 179 175 166
0.24356411397457123 -0.13150173425674438 0.7760000228881836 187 180 172
0.24516697227954865 -0.13099335134029388 0.7730000615119934 190 181 174
0.2470705211162567 -0.13065442442893982 0.7710000276565552 192 183 176
0.24831341207027435 -0.12997658550739288 0.7670000195503235 188 179 172
0.24985700845718384 -0.12946820259094238 0.7640000581741333 189 180 173
0.25105053186416626 -0.12879036366939545 0.7600000500679016 190 181 174
0.25255128741264343 -0.12828198075294495 0.7570000290870667 171 155 148
0.25369542837142944 -0.12760412693023682 0.753000020980835 168 134 124
0.2768559753894806 -0.12574006617069244 0.7420000433921814 219 200 185
0.2789219915866852 -0.12557059526443481 0.7410000562667847 215 200 188
0.28060171008110046 -0.12523168325424194 0.7390000224113464 213 198 188
0.2822682559490204 -0.12489275634288788 0.737000048160553 208 193 183
0.23968461155891418 -0.1308937668800354 0.7800000309944153 173 174 168
0.24163095653057098 -0.13055813312530518 0.7780000567436218 179 175 166
0.24387797713279724 -0.13039033114910126 0.7770000100135803 188 181 173
0.2454841285943985 -0.12988689541816711 0.7740000486373901 190 181 174
0.2470705211162567 -0.12938344478607178 0.7710000276565552 190 181 174
0.24831341207027435 -0.12871220707893372 0.7670000195503235 188 179 172
0.24985700845718384 -0.12820877134799957 0.7640000581741333 189 180 173
0.25072017312049866 -0.1273697167634964 0.7590000629425049 187 178 171
0.25221768021583557 -0.12686626613140106 0.7560000419616699 157 131 127
0.25369542837142944 -0.12636283040046692 0.753000020980835 175 134 124
0.2406594157218933 -0.1294417828321457 0.7790000438690186 176 172 163
0.24259917438030243 -0.1291094571352005 0.7770000100135803 185 178 170
0.24484127759933472 -0.1289432942867279 0.7760000228881836 188 181 173
0.24707679450511932 -0.1287771463394165 0.7750000357627869 192 183 176
0.24705103039741516 -0.12744781374931335 0.7670000195503235 189 180 173
0.248599573969841 -0.12694932520389557 0.7640000581741333 187 178 171
0.2501283586025238 -0.12645083665847778 0.7610000371932983 189 178 171
0.2519693672657013 -0.1261185109615326 0.7590000629425049 158 125 124
0.2524561285972595 -0.12512151896953583 0.753000020980835 177 134 127
0.23968461155891418 -0.12832213938236237 0.7800000309944153 177 174 169
0.24194152653217316 -0.1281576305627823 0.7790000438690186 182 175 167
0.24387797713279724 -0.12782859802246094 0.7770000100135803 187 180 172
0.2454841285943985 -0.12733504176139832 0.7740000486373901 189 182 174
0.2470705211162567 -0.1268415004014969 0.7710000276565552 189 182 176
0.24831341207027435 -0.1261834353208542 0.7670000195503235 185 178 170
0.24985700845718384 -0.12568989396095276 0.7640000581741333 186 177 170
0.25072017312049866 -0.12486731261014938 0.7590000629425049 159 143 138
0.25221768021583557 -0.12437377125024796 0.7560000419616699 170 133 130
0.23999187350273132 -0.127199187874794 0.781000018119812 175 172 167
0.24194152653217316 -0.1268734633922577 0.7790000438690186 183 174 167
0.24419187009334564 -0.12671059370040894 0.7780000567436218 187 180 172
0.2454841285943985 -0.1260591298341751 0.7740000486373901 189 182 174
0.2473909705877304 -0.1257333904504776 0.7720000147819519 189 182 174
0.2486371397972107 -0.12508192658424377 0.7680000066757202 186 177 170
0.24985700845718384 -0.12443045526742935 0.7640000581741333 185 176 169
0.25072017312049866 -0.12361612915992737 0.7590000629425049 159 140 134
0.25221768021583557 -0.1231275126338005 0.7560000419616699 167 130 127
0.23999187350273132 -0.12591174244880676 0.781000018119812 177 174 171
0.24194152653217316 -0.1255892962217331 0.7790000438690186 183 174 165
0.24419187009334564 -0.12542808055877686 0.7780000567436218 188 181 173
0.2454841285943985 -0.12478321045637131 0.7740000486373901 188 181 173
0.2470705211162567 -0.1242995411157608 0.7710000276565552 188 181 173
0.2486371397972107 -0.12381588667631149 0.7680000066757202 186 177 170
0.24985700845718384 -0.12317101657390594 0.7640000581741333 185 176 167
0.25072017312049866 -0.12236493080854416 0.7590000629425049 157 139 130
0.25221768021583557 -0.12188127636909485 0.7560000419616699 160 123 118
0.23999187350273132 -0.12462427467107773 0.781000018119812 176 171 169
0.24225211143493652 -0.12446470558643341 0.7800000309944153 182 175 165
0.24419187009334564 -0.12414556741714478 0.7780000567436218 187 180 170
0.24580128490924835 -0.12366685271263123 0.7750000357627869 187 180 170
0.2470705211162567 -0.12302857637405396 0.7710000276565552 187 180 172
0.24896091222763062 -0.12270943820476532 0.7690000534057617 185 176 169
0.24985700845718384 -0.12191158533096313 0.7640000581741333 185 176 167
0.25072017312049866 -0.12111373245716095 0.7590000629425049 153 135 126
0.25221768021583557 -0.1206350177526474 0.7560000419616699 158 119 115
0.23999187350273132 -0.1233368068933487 0.781000018119812 177 172 170
0.24225211143493652 -0.1231788918375969 0.7800000309944153 182 175 165
0.24450573325157166 -0.12302097678184509 0.7790000438690186 187 178 169
0.2461184412240982 -0.1225472092628479 0.7760000228881836 187 180 170
0.2477114349603653 -0.1220734491944313 0.7730000615119934 187 180 172
0.24896091222763062 -0.12144175916910172 0.7690000534057617 183 174 167
0.250184029340744 -0.12081007659435272 0.76500004529953 185 176 167
0.25072017312049866 -0.11986254155635834 0.7590000629425049 151 132 126
0.25221768021583557 -0.11938877403736115 0.7560000419616699 157 118 114
0.23999187350273132 -0.12204934656620026 0.781000018119812 176 171 169
0.24225211143493652 -0.12189308553934097 0.7800000309944153 182 175 165
0.24450573325157166 -0.12173681706190109 0.7790000438690186 186 177 168
0.2461184412240982 -0.12126798927783966 0.7760000228881836 188 179 172
0.2477114349603653 -0.12079916894435883 0.7730000615119934 188 179 172
0.24896091222763062 -0.12017407268285751 0.7690000534057617 185 176 169
0.250184029340744 -0.1195489913225174 0.76500004529953 186 177 168
0.25072017312049866 -0.11861134320497513 0.7590000629425049 174 158 151
0.25221768021583557 -0.11814253032207489 0.7560000419616699 153 121 117
0.25369542837142944 -0.11767370253801346 0.753000020980835 157 114 105
0.24096836149692535 -0.12060727179050446 0.7800000309944153 178 171 161
0.2435358613729477 -0.12060727179050446 0.7800000309944153 186 177 168
0.24547232687473297 -0.12029802054166794 0.7780000567436218 189 180 173
0.2473956197500229 -0.11998876929283142 0.7760000228881836 189 180 173
0.2480173408985138 -0.11906102299690247 0.7700000405311584 186 177 168
0.2492503672838211 -0.11844252794981003 0.7660000324249268 186 177 168
0.2507857382297516 -0.11797863990068436 0.7630000114440918 187 176 167
0.25230133533477783 -0.11751478165388107 0.7600000500679016 174 152 144
0.2527914047241211 -0.11658702045679092 0.7540000081062317 144 108 98
0.2542576491832733 -0.11612314730882645 0.7510000467300415 147 104 95
0.24158622324466705 -0.11962740868330002 0.7820000648498535 178 171 161
0.2435358613729477 -0.11932145059108734 0.7800000309944153 186 177 170
0.2457878589630127 -0.1191684752702713 0.7790000438690186 189 180 173
0.24771443009376526 -0.11886251717805862 0.7770000100135803 189 180 173
0.24833944439888 -0.11794467270374298 0.7710000276565552 186 177 168
0.24957576394081116 -0.11733277142047882 0.7670000195503235 187 178 169
0.2511143982410431 -0.1168738380074501 0.7640000581741333 186 177 168
0.25263330340385437 -0.11641490459442139 0.7610000371932983 179 163 156
0.25346192717552185 -0.11565002799034119 0.7560000419616699 177 155 145
0.25459620356559753 -0.11503811180591583 0.7520000338554382 156 125 114
0.25672969222068787 -0.11488514393568039 0.7510000467300415 137 101 89
0.24158622324466705 -0.11833830177783966 0.7820000648498535 180 173 163
0.2435358613729477 -0.11803563684225082 0.7800000309944153 187 178 171
0.2457878589630127 -0.1178843155503273 0.7790000438690186 189 180 173
0.24771443009376526 -0.11758165061473846 0.7770000100135803 188 179 172
0.24833944439888 -0.11667368561029434 0.7710000276565552 186 177 170
0.24957576394081116 -0.11606837809085846 0.7670000195503235 188 179 170
0.2511143982410431 -0.1156143993139267 0.7640000581741333 187 178 169
0.25263330340385437 -0.11516041308641434 0.7610000371932983 178 167 158
0.25346192717552185 -0.11440377682447433 0.7560000419616699 177 164 153
0.25459620356559753 -0.11379846185445786 0.7520000338554382 177 156 143
0.25672969222068787 -0.11364714056253433 0.7510000467300415 177 151 140
0.25851142406463623 -0.1133444756269455 0.7490000128746033 153 119 107
0.24318383634090424 -0.1171988770365715 0.7830000519752502 182 175 165
0.24513347446918488 -0.1168995052576065 0.781000018119812 190 181 172
0.2467527836561203 -0.1164504736661911 0.7780000567436218 189 180 173
0.24835233390331268 -0.1160014271736145 0.7750000357627869 187 178 173
0.24993212521076202 -0.1155523955821991 0.7720000147819519 188 179 172
0.2514922022819519 -0.11510336399078369 0.7690000534057617 189 180 173
0.2513808310031891 -0.11390592902898788 0.7610000371932983 183 174 165
0.2535521984100342 -0.11375625431537628 0.7600000500679016 180 171 162
0.255043089389801 -0.11330720782279968 0.7570000290870667 181 170 161
0.25685447454452515 -0.11300785094499588 0.7550000548362732 179 164 154
0.25796571373939514 -0.11240912973880768 0.7510000467300415 176 156 148
0.25974416732788086 -0.11210978031158447 0.7490000128746033 169 149 139
0.2618595361709595 -0.11196009814739227 0.7480000257492065 165 141 127
0.24318383634090424 -0.11590810865163803 0.7830000519752502 184 177 167
0.24513347446918488 -0.11561205238103867 0.781000018119812 190 181 172
0.24706993997097015 -0.1153159886598587 0.7790000438690186 189 180 171
0.24867278337478638 -0.11487189680337906 0.7760000228881836 187 178 171
0.25025588274002075 -0.11442781239748001 0.7730000615119934 188 179 172
0.2518192231655121 -0.11398370563983917 0.7700000405311584 189 180 173
0.2520414888858795 -0.1129475012421608 0.7630000114440918 185 176 169
0.25388580560684204 -0.11265143752098083 0.7610000371932983 183 174 167
0.2557169497013092 -0.11235538125038147 0.7590000629425049 182 173 164
0.2571946978569031 -0.11191127449274063 0.7560000419616699 183 172 163
0.25830918550491333 -0.1113191545009613 0.7520000338554382 183 169 161
0.2604377567768097 -0.11117112636566162 0.7510000467300415 178 165 154
0.26220962405204773 -0.11087507009506226 0.7490000128746033 173 159 144
0.2636149823665619 -0.11043097823858261 0.7460000514984131 173 154 141
0.26535722613334656 -0.11013490706682205 0.7440000176429749 163 141 131
0.24122105538845062 -0.11491011828184128 0.7850000262260437 175 170 166
0.24318383634090424 -0.11461735516786575 0.7830000519752502 182 176 163
0.24513347446918488 -0.11432459205389023 0.781000018119812 190 181 172
0.24706993997097015 -0.1140318289399147 0.7790000438690186 189 180 173
0.24867278337478638 -0.11359267681837082 0.7760000228881836 187 178 171
0.25025588274002075 -0.11315353214740753 0.7730000615119934 188 179 172
0.2518192231655121 -0.11271438747644424 0.7700000405311584 190 181 174
0.2520414888858795 -0.11168970912694931 0.7630000114440918 185 176 169
0.25388580560684204 -0.11139694601297379 0.7610000371932983 185 176 169
0.2557169497013092 -0.11110418289899826 0.7590000629425049 185 176 169
0.2571946978569031 -0.11066503077745438 0.7560000419616699 187 176 167
0.25830918550491333 -0.11007950454950333 0.7520000338554382 187 176 167
0.2604377567768097 -0.10993312299251556 0.7510000467300415 184 173 164
0.26220962405204773 -0.10964035987854004 0.7490000128746033 184 171 160
0.2636149823665619 -0.10920120775699615 0.7460000514984131 180 167 154
0.26535722613334656 -0.10890844464302063 0.7440000176429749 177 164 153
0.26744624972343445 -0.10876206308603287 0.7430000305175781 172 154 145
0.26952874660491943 -0.1086156815290451 0.7420000433921814 168 148 138
0.2418951690196991 -0.11332660168409348 0.7830000519752502 180 174 161
0.24416032433509827 -0.11318186670541763 0.7820000648498535 187 180 170
0.24610334634780884 -0.11289239674806595 0.7800000309944153 192 183 176
0.24867084622383118 -0.11289239674806595 0.7800000309944153 188 179 172
0.24930576980113983 -0.1120239868760109 0.7740000486373901 188 179 172
0.250877320766449 -0.11158978939056396 0.7710000276565552 190 181 174
0.25242915749549866 -0.11115558445453644 0.7680000066757202 187 178 171
0.2539612054824829 -0.11072138696908951 0.76500004529953 187 178 171
0.25480300188064575 -0.1099977195262909 0.7600000500679016 189 180 173
0.25662755966186523 -0.10970824956893921 0.7580000162124634 189 180 171
0.2580970823764801 -0.10927405208349228 0.7550000548362732 188 179 170
0.25989198684692383 -0.1089845821261406 0.753000020980835 189 180 171
0.2613253593444824 -0.10855038464069366 0.7500000596046448 189 178 169
0.2630906105041504 -0.10826091468334198 0.7480000257492065 185 175 163
0.2651977837085724 -0.10811617970466614 0.7470000386238098 183 173 161
0.2672983407974243 -0.1079714447259903 0.7460000514984131 184 170 162
0.26866912841796875 -0.10753723978996277 0.7430000305175781 179 164 154
0.2711148262023926 -0.10753723978996277 0.7430000305175781 173 155 144
0.24122105538845062 -0.11232201009988785 0.7850000262260437 175 170 166
0.24318383634090424 -0.1120358407497406 0.7830000519752502 184 178 165
0.24544736742973328 -0.11189275979995728 0.7820000648498535 189 182 172
0.24738709628582 -0.11160657554864883 0.7800000309944153 189 182 174
0.24899323284626007 -0.11117732524871826 0.7770000100135803 187 180 172
0.2509033679962158 -0.11089115589857101 0.7750000357627869 188 181 173
0.25247329473495483 -0.11046189069747925 0.7720000147819519 188 181 173
0.25303250551223755 -0.1096033900976181 0.7660000324249268 187 180 172
0.25455304980278015 -0.10917413234710693 0.7630000114440918 188 181 173
0.2563907504081726 -0.10888795554637909 0.7610000371932983 192 183 176
0.2582153081893921 -0.10860179364681244 0.7590000629425049 193 184 177
0.2589961886405945 -0.10788635909557343 0.7540000081062317 193 184 177
0.2607845366001129 -0.10760019719600677 0.7520000338554382 192 183 176
0.26290979981422424 -0.10745710879564285 0.7510000467300415 192 183 176
0.2643217146396637 -0.10702785104513168 0.7480000257492065 189 180 173
0.266427218914032 -0.10688476264476776 0.7470000386238098 189 180 173
0.268166184425354 -0.10659860074520111 0.7450000643730164 185 176 167
0.2702552378177643 -0.10645551234483719 0.7440000176429749 186 173 162
0.2723376750946045 -0.10631242394447327 0.7430000305175781 178 163 153
0.24122105538845062 -0.11102794855833054 0.7850000262260437 175 171 164
0.24318383634090424 -0.11074508726596832 0.7830000519752502 184 178 165
0.24544736742973328 -0.11060364544391632 0.7820000648498535 188 181 173
0.24738709628582 -0.11032076925039291 0.7800000309944153 189 182 174
0.24899323284626007 -0.1098964586853981 0.7770000100135803 187 180 174
0.2509033679962158 -0.1096135824918747 0.7750000357627869 188 181 173
0.25247329473495483 -0.10918927192687988 0.7720000147819519 189 182 174
0.25303250551223755 -0.10834065079689026 0.7660000324249268 189 182 174
0.25455304980278015 -0.10791634023189545 0.7630000114440918 189 182 174
0.2563907504081726 -0.10763347893953323 0.7610000371932983 193 184 177
0.2582153081893921 -0.10735059529542923 0.7590000629425049 194 185 178
0.2589961886405945 -0.10664340853691101 0.7540000081062317 196 187 180
0.2607845366001129 -0.1063605323433876 0.7520000338554382 195 186 179
0.26290979981422424 -0.1062191054224968 0.7510000467300415 194 185 178
0.2643217146396637 -0.10579478740692139 0.7480000257492065 195 186 179
0.266427218914032 -0.10565336048603058 0.7470000386238098 193 184 177
0.268166184425354 -0.10537048429250717 0.7450000643730164 190 181 174
0.2702552378177643 -0.10522904247045517 0.7440000176429749 189 179 167
0.2723376750946045 -0.10508760809898376 0.7430000305175781 182 168 160
0.2747834026813507 -0.10508760809898376 0.7430000305175781 175 156 150
0.24220409989356995 -0.10959411412477493 0.784000039100647 179 173 160
0.24416032433509827 -0.10931453853845596 0.7820000648498535 188 181 173
0.24641887843608856 -0.10917475074529648 0.781000018119812 191 184 176
0.24867084622383118 -0.1090349555015564 0.7800000309944153 188 181 175
0.24994994699954987 -0.10847579687833786 0.7760000228881836 188 181 175
0.2515281140804291 -0.1080564484000206 0.7730000615119934 189 182 174
0.25275781750679016 -0.10749728977680206 0.7690000534057617 189 182 174
0.2546251714229584 -0.1072177067399025 0.7670000195503235 192 185 177
0.2551382780075073 -0.10637897998094559 0.7610000371932983 192 183 176
0.25730469822883606 -0.1062391921877861 0.7600000500679016 195 186 179
0.2587807774543762 -0.10581982880830765 0.7570000290870667 196 187 180
0.2609274387359619 -0.10568003356456757 0.7560000419616699 199 190 183
0.26167377829551697 -0.10498109459877014 0.7510000467300415 197 188 181
0.26379409432411194 -0.10484130680561066 0.7500000596046448 196 187 180
0.26590782403945923 -0.10470151901245117 0.7490000128746033 196 187 180
0.26801496744155884 -0.10456173121929169 0.7480000257492065 195 186 179
0.26975393295288086 -0.10428214818239212 0.7460000514984131 195 186 177
0.27184462547302246 -0.10414236783981323 0.7450000643730164 190 179 170
0.27429693937301636 -0.10414236783981323 0.7450000643730164 185 171 165
0.24122105538845062 -0.1084398403763771 0.7850000262260437 173 169 162
0.2434944212436676 -0.10830171406269073 0.784000039100647 182 176 163
0.24544736742973328 -0.1080254316329956 0.7820000648498535 188 181 173
0.24738709628582 -0.10774914920330048 0.7800000309944153 189 182 174
0.24931369721889496 -0.10747286677360535 0.7780000567436218 188 181 175
0.25122711062431335 -0.10719657689332962 0.7760000228881836 188 181 175
0.2528003454208374 -0.10678217560052872 0.7730000615119934 189 182 174
0.2533628046512604 -0.10595332831144333 0.7670000195503235 191 184 176
0.2552202641963959 -0.1056770533323288 0.76500004529953 192 185 177
0.2567276656627655 -0.1052626296877861 0.7620000243186951 195 186 179
0.25889572501182556 -0.10512448847293854 0.7610000371932983 196 187 180
0.25968319177627563 -0.10443378984928131 0.7560000419616699 199 190 181
0.26147812604904175 -0.10415749996900558 0.7540000081062317 200 191 182
0.2632598578929901 -0.10388122498989105 0.7520000338554382 201 190 181
0.2650284767150879 -0.10360495001077652 0.7500000596046448 201 190 181
0.26678386330604553 -0.10332866758108139 0.7480000257492065 202 191 182
0.26888608932495117 -0.10319052636623383 0.7470000386238098 202 191 182
0.27134495973587036 -0.10319052636623383 0.7470000386238098 195 186 177
0.2734373211860657 -0.10305239260196686 0.7460000514984131 190 181 172
0.27589288353919983 -0.10305239260196686 0.7460000514984131 183 172 163
0.27872157096862793 -0.10319052636623383 0.7470000386238098 178 162 157
0.2811804711818695 -0.10319052636623383 0.7470000386238098 174 158 151
0.24220409989356995 -0.10700929909944534 0.784000039100647 180 174 161
0.24447253346443176 -0.1068728119134903 0.7830000519752502 187 180 172
0.24641887843608856 -0.106599822640419 0.781000018119812 189 182 174
0.24867084622383118 -0.10646333545446396 0.7800000309944153 188 181 175
0.24994994699954987 -0.10591735690832138 0.7760000228881836 189 182 176
0.2515281140804291 -0.10550789535045624 0.7730000615119934 188 181 173
0.25308650732040405 -0.1050984263420105 0.7700000405311584 189 182 174
0.2546251714229584 -0.10468894243240356 0.7670000195503235 192 185 175
0.2554735541343689 -0.10400648415088654 0.7620000243186951 193 185 173
0.2576432526111603 -0.10386999696493149 0.7610000371932983 199 189 177
0.2591226100921631 -0.10346051305532455 0.7580000162124634 201 191 179
0.2609274387359619 -0.10318753868341446 0.7560000419616699 202 192 180
0.2620221972465515 -0.10264157503843307 0.7520000338554382 203 193 181
0.2641458213329315 -0.10250508040189743 0.7510000467300415 202 192 180
0.26626285910606384 -0.10236859321594238 0.7500000596046448 204 194 182
0.26801496744155884 -0.1020956039428711 0.7480000257492065 203 192 183
0.27011552453041077 -0.10195911675691605 0.7470000386238098 203 192 183
0.2722095251083374 -0.101822629570961 0.7460000514984131 199 188 179
0.27466508746147156 -0.101822629570961 0.7460000514984131 194 183 174
0.2425130158662796 -0.10585173219442368 0.7850000262260437 179 173 160
0.24478474259376526 -0.10571689903736115 0.784000039100647 187 178 171
0.2467343956232071 -0.1054472103714943 0.7820000648498535 188 181 173
0.24867084622383118 -0.10517752170562744 0.7800000309944153 188 181 173
0.24994994699954987 -0.10463814437389374 0.7760000228881836 188 181 173
0.2515281140804291 -0.10423362255096436 0.7730000615119934 187 180 172
0.25308650732040405 -0.10382909327745438 0.7700000405311584 189 182 174
0.2549571394920349 -0.10355940461158752 0.7680000066757202 195 180 170
0.2558088004589081 -0.1028851866722107 0.7630000114440918 195 171 157
0.2576432526111603 -0.10261550545692444 0.7610000371932983 200 176 162
0.2683732807636261 -0.10099738091230392 0.7490000128746033 207 194 183
0.2425130158662796 -0.10455767810344696 0.7850000262260437 179 173 160
0.24478474259376526 -0.10442449152469635 0.784000039100647 188 179 172
0.2467343956232071 -0.10415809601545334 0.7820000648498535 190 181 174
0.24867084622383118 -0.10389170795679092 0.7800000309944153 189 180 173
0.24994994699954987 -0.1033589243888855 0.7760000228881836 189 180 173
0.2515281140804291 -0.10295934975147247 0.7730000615119934 188 179 172
0.25308650732040405 -0.10255976766347885 0.7700000405311584 193 175 166
0.24152831733226776 -0.10339516401290894 0.7860000133514404 174 172 164
0.24380499124526978 -0.10326362401247025 0.7850000262260437 182 175 165
0.2460750937461853 -0.10313208401203156 0.784000039100647 189 180 171
0.24770425260066986 -0.1027374416589737 0.781000018119812 189 180 173
0.24931369721889496 -0.10234280675649643 0.7780000567436218 189 180 173
0.2509033679962158 -0.10194816440343857 0.7750000357627869 188 179 172
0.2528003454208374 -0.10168507695198059 0.7730000615119934 188 177 168
0.24152831733226776 -0.1020994633436203 0.7860000133514404 176 172 165
0.24380499124526978 -0.10196956992149353 0.7850000262260437 183 174 165
0.2460750937461853 -0.10183967649936676 0.784000039100647 187 180 170
0.24770425260066986 -0.10144998133182526 0.781000018119812 188 181 173
0.24931369721889496 -0.10106029361486435 0.7780000567436218 189 180 173
0.2509033679962158 -0.10067059844732285 0.7750000357627869 187 178 171
0.2528003454208374 -0.10041080415248871 0.7730000615119934 157 142 132
0.24152831733226776 -0.10080376267433167 0.7860000133514404 178 174 167
0.24380499124526978 -0.10067551583051682 0.7850000262260437 183 175 163
0.2460750937461853 -0.10054726898670197 0.784000039100647 187 180 170
0.24770425260066986 -0.10016252100467682 0.781000018119812 188 181 171
0.24931369721889496 -0.09977778047323227 0.7780000567436218 187 180 172
0.2509033679962158 -0.09939302504062653 0.7750000357627869 184 177 167
0.2528003454208374 -0.09913653135299683 0.7730000615119934 149 131 122
0.242142915725708 -0.09976126253604889 0.7880000472068787 177 172 168
0.24411557614803314 -0.09950806200504303 0.7860000133514404 183 175 163
0.2463889718055725 -0.0993814617395401 0.7850000262260437 187 180 170
0.24770425260066986 -0.09887506067752838 0.781000018119812 188 181 171
0.24931369721889496 -0.09849526733160019 0.7780000567436218 186 179 171
0.2509033679962158 -0.0981154516339302 0.7750000357627869 184 177 167
0.25247329473495483 -0.09773565083742142 0.7720000147819519 151 131 121
0.242142915725708 -0.09846226871013641 0.7880000472068787 173 168 164
0.24411557614803314 -0.0982123613357544 0.7860000133514404 183 175 163
0.2463889718055725 -0.09808740764856339 0.7850000262260437 186 179 169
0.24770425260066986 -0.09758760035037994 0.781000018119812 188 181 173
0.24931369721889496 -0.09721274673938751 0.7780000567436218 186 179 171
0.2509033679962158 -0.09683788567781448 0.7750000357627869 187 178 171
0.25247329473495483 -0.09646303206682205 0.7720000147819519 154 134 124
0.242142915725708 -0.09716326743364334 0.7880000472068787 174 171 166
0.24411557614803314 -0.09691666066646576 0.7860000133514404 183 175 163
0.2463889718055725 -0.09679335355758667 0.7850000262260437 187 178 169
0.24770425260066986 -0.0963001400232315 0.781000018119812 188 179 172
0.24931369721889496 -0.09593023359775543 0.7780000567436218 187 178 171
0.2509033679962158 -0.09556031972169876 0.7750000357627869 185 176 169
0.25247329473495483 -0.09519040584564209 0.7720000147819519 148 128 120
0.2404610514640808 -0.09622922539710999 0.7910000085830688 18 18 22
0.24245020747184753 -0.09598591923713684 0.7890000343322754 174 171 166
0.2444261759519577 -0.0957426130771637 0.7870000600814819 182 174 162
0.2463889718055725 -0.09549929946660995 0.7850000262260437 187 178 169
0.24770425260066986 -0.09501267224550247 0.781000018119812 187 178 169
0.24931369721889496 -0.09464772045612335 0.7780000567436218 187 178 171
0.2509033679962158 -0.09428275376558304 0.7750000357627869 185 176 169
0.25247329473495483 -0.09391777962446213 0.7720000147819519 146 128 119
0.25270214676856995 -0.09306619316339493 0.76500004529953 152 114 105
0.2417629063129425 -0.09492528438568115 0.7910000085830688 153 150 145
0.24343982338905334 -0.0945652648806572 0.7880000472068787 178 172 159
0.24540919065475464 -0.0943252444267273 0.7860000133514404 185 176 167
0.24736542999744415 -0.09408523887395859 0.784000039100647 187 178 169
0.24898965656757355 -0.09372521936893463 0.781000018119812 188 179 172
0.24962784349918365 -0.09300518035888672 0.7750000357627869 187 178 171
0.25120270252227783 -0.09264516085386276 0.7720000147819519 186 171 161
0.25275781750679016 -0.0922851413488388 0.7690000534057617 149 118 109
0.2539612054824829 -0.0918051078915596 0.76500004529953 152 106 100
0.2417629063129425 -0.09362133592367172 0.7910000085830688 153 150 145
0.24343982338905334 -0.09326627105474472 0.7880000472068787 178 172 159
0.24540919065475464 -0.09302954375743866 0.7860000133514404 186 177 168
0.24736542999744415 -0.09279283136129379 0.784000039100647 187 178 171
0.24898965656757355 -0.0924377515912056 0.781000018119812 188 179 172
0.24962784349918365 -0.0917276069521904 0.7750000357627869 188 179 172
0.25120270252227783 -0.0913725271821022 0.7720000147819519 186 172 164
0.25275781750679016 -0.0910174548625946 0.7690000534057617 176 151 144
0.2539612054824829 -0.09054403007030487 0.76500004529953 144 105 101
0.2551382780075073 -0.09007059782743454 0.7610000371932983 142 96 90
0.2423742115497589 -0.09255081415176392 0.7930000424385071 154 154 150
0.24343982338905334 -0.09196726232767105 0.7880000472068787 179 170 161
0.24540919065475464 -0.09173384308815002 0.7860000133514404 186 177 168
0.2476809322834015 -0.09161713719367981 0.7850000262260437 187 178 171
0.2493084818124771 -0.09126701205968857 0.7820000648498535 188 179 172
0.24962784349918365 -0.09045004099607468 0.7750000357627869 189 180 171
0.25120270252227783 -0.09009990841150284 0.7720000147819519 187 176 167
0.25275781750679016 -0.0897497832775116 0.7690000534057617 180 165 155
0.25429320335388184 -0.08939965069293976 0.7660000324249268 179 152 144
0.2551382780075073 -0.0888160988688469 0.7610000371932983 147 113 103
0.24106906354427338 -0.09124357253313065 0.7930000424385071 22 22 26
0.24275749921798706 -0.09089838713407516 0.7900000214576721 170 170 166
0.24473676085472107 -0.09066826850175858 0.7880000472068787 182 173 164
0.24670283496379852 -0.09043814241886139 0.7860000133514404 187 178 169
0.2480214387178421 -0.08997790515422821 0.7820000648498535 188 179 170
0.24931369721889496 -0.08951765298843384 0.7780000567436218 190 181 172
0.2509033679962158 -0.08917246758937836 0.7750000357627869 189 180 171
0.25247329473495483 -0.08882728219032288 0.7720000147819519 183 174 165
0.25303250551223755 -0.08813691884279251 0.7660000324249268 181 171 159
0.254886656999588 -0.08790680021047592 0.7640000581741333 183 168 156
0.2567276656627655 -0.08767667412757874 0.7620000243186951 170 151 138
0.25889572501182556 -0.08756161481142044 0.7610000371932983 152 126 113
0.2423742115497589 -0.08993633091449738 0.7930000424385071 158 158 154
0.2437487691640854 -0.08948267996311188 0.7890000343322754 179 170 163
0.2457214593887329 -0.08925585448741913 0.7870000600814819 186 177 170
0.2476809322834015 -0.08902902901172638 0.7850000262260437 188 179 170
0.2493084818124771 -0.08868879079818726 0.7820000648498535 189 180 171
0.24994994699954987 -0.08800830692052841 0.7760000228881836 190 181 172
0.2515281140804291 -0.08766807615756989 0.7730000615119934 187 178 169
0.25308650732040405 -0.08732783794403076 0.7700000405311584 183 174 165
0.2546251714229584 -0.08698759227991104 0.7670000195503235 183 175 163
0.2554735541343689 -0.08642053604125977 0.7620000243186951 181 171 159
0.2576432526111603 -0.08630712330341339 0.7610000371932983 180 166 151
0.2594645023345947 -0.08608029782772064 0.7590000629425049 180 155 146
0.24137306213378906 -0.08874084800481796 0.7940000295639038 22 22 26
0.24337206780910492 -0.08851732313632965 0.7920000553131104 168 168 164
0.24535788595676422 -0.08829379081726074 0.7900000214576721 182 173 166
0.24733057618141174 -0.08807026594877243 0.7880000472068787 187 178 171
0.24833859503269196 -0.08751144260168076 0.7830000519752502 189 180 173
0.24995459616184235 -0.08717615157365799 0.7800000309944153 192 183 176
0.2515508532524109 -0.08684085309505463 0.7770000100135803 190 181 172
0.2531273663043976 -0.08650556206703186 0.7740000486373901 188 179 170
0.2536931335926056 -0.08583498001098633 0.7680000066757202 187 178 169
0.2552202641963959 -0.08549968153238297 0.76500004529953 187 178 169
0.2570645809173584 -0.08527615666389465 0.7630000114440918 186 177 168
0.25889572501182556 -0.08505262434482574 0.7610000371932983 183 173 161
0.26071369647979736 -0.08482910692691803 0.7590000629425049 184 169 159
0.26286524534225464 -0.08471733331680298 0.7580000162124634 176 158 147
0.26466017961502075 -0.08449380844831467 0.7560000419616699 170 144 133
0.24267983436584473 -0.08743195980787277 0.7940000295639038 159 159 155
0.24405768513679504 -0.08699148893356323 0.7900000214576721 179 170 163
0.2460336685180664 -0.08677126467227936 0.7880000472068787 186 177 170
0.24799644947052002 -0.08655103296041489 0.7860000133514404 188 179 172
0.24962729215621948 -0.08622068911790848 0.7830000519752502 192 183 176
0.25027206540107727 -0.08555999398231506 0.7770000100135803 192 183 176
0.25185349583625793 -0.08522964268922806 0.7740000486373901 189 180 171
0.25341519713401794 -0.08489929884672165 0.7710000276565552 190 181 172
0.2549571394920349 -0.08456894755363464 0.7680000066757202 193 184 177
0.2558088004589081 -0.08401836454868317 0.7630000114440918 192 183 176
0.2576432526111603 -0.08379814028739929 0.7610000371932983 190 181 174
0.2598063349723816 -0.08368802070617676 0.7600000500679016 191 180 171
0.2619628608226776 -0.08357790857553482 0.7590000629425049 185 175 163
0.2634159326553345 -0.08324756473302841 0.7560000419616699 184 169 159
0.26520097255706787 -0.08302731812000275 0.7540000081062317 182 162 154
0.2673278748989105 -0.0829172134399414 0.753000020980835 174 152 144
0.2694481909275055 -0.08280709385871887 0.7520000338554382 169 145 133
0.24298547208309174 -0.086231529712677 0.7950000166893005 161 161 155
0.2443666160106659 -0.08579766005277634 0.7910000085830688 180 171 164
0.2463458776473999 -0.0855807289481163 0.7890000343322754 186 177 170
0.24831198155879974 -0.08536379784345627 0.7870000600814819 188 179 172
0.24994608759880066 -0.08503839373588562 0.784000039100647 192 183 176
0.25027206540107727 -0.0842791199684143 0.7770000100135803 193 184 177
0.25185349583625793 -0.08395372331142426 0.7740000486373901 190 181 174
0.25374388694763184 -0.08373678475618362 0.7720000147819519 193 184 177
0.25528913736343384 -0.08341138809919357 0.7690000534057617 195 186 179
0.25647932291030884 -0.08297751843929291 0.76500004529953 195 186 179
0.2583203613758087 -0.08276057988405228 0.7630000114440918 194 185 178
0.2604900300502777 -0.08265211433172226 0.7620000243186951 194 185 178
0.2626531422138214 -0.08254364877939224 0.7610000371932983 190 181 172
0.26411277055740356 -0.0822182446718216 0.7580000162124634 186 178 166
0.26590442657470703 -0.08200131356716156 0.7560000419616699 183 173 161
0.26803794503211975 -0.08189284056425095 0.7550000548362732 181 166 156
0.27016481757164 -0.08178437501192093 0.7540000081062317 178 160 149
0.2722851037979126 -0.08167590200901031 0.753000020980835 173 154 139
0.24298547208309174 -0.08492099493741989 0.7950000166893005 164 161 156
0.24467557668685913 -0.0846005454659462 0.7920000553131104 180 171 164
0.2463458776473999 -0.0842800885438919 0.7890000343322754 186 177 170
0.24831198155879974 -0.08406645059585571 0.7870000600814819 189 180 173
0.25026488304138184 -0.08385280519723892 0.7850000262260437 192 183 176
0.2505941689014435 -0.08310507982969284 0.7780000567436218 193 184 177
0.2521788775920868 -0.08278461545705795 0.7750000357627869 191 184 176
0.2540725767612457 -0.08257098495960236 0.7730000615119934 194 187 179
0.255621075630188 -0.08225052058696747 0.7700000405311584 195 188 180
0.2568145990371704 -0.08182324469089508 0.7660000324249268 196 187 180
0.25899747014045715 -0.08171643316745758 0.76500004529953 199 190 183
0.26117372512817383 -0.08160961419343948 0.7640000581741333 196 187 180
0.2629982829093933 -0.08139597624540329 0.7620000243186951 195 186 179
0.26480966806411743 -0.0811823382973671 0.7600000500679016 192 183 174
0.2666078805923462 -0.0809687003493309 0.7580000162124634 190 182 170
0.2687479555606842 -0.08086187392473221 0.7570000290870667 189 176 165
0.27088141441345215 -0.08075506240129471 0.7560000419616699 184 171 160
0.2730083465576172 -0.08064824342727661 0.7550000548362732 180 162 151
0.27512863278388977 -0.08054141700267792 0.7540000081062317 173 156 142
0.24298547208309174 -0.08361045271158218 0.7950000166893005 164 161 156
0.24467557668685913 -0.08329495042562485 0.7920000553131104 180 171 164
0.2463458776473999 -0.08297943323850632 0.7890000343322754 186 177 170
0.24831198155879974 -0.08276909589767456 0.7870000600814819 190 181 174
0.25026488304138184 -0.08255875110626221 0.7850000262260437 193 184 177
0.2505941689014435 -0.08182255923748016 0.7780000567436218 192 185 177
0.2521788775920868 -0.08150704950094223 0.7750000357627869 192 185 177
0.2540725767612457 -0.08129671216011047 0.7730000615119934 194 187 179
0.255621075630188 -0.08098120242357254 0.7700000405311584 198 191 183
0.2568145990371704 -0.08056051284074783 0.7660000324249268 199 192 184
0.25899747014045715 -0.08045534789562225 0.76500004529953 200 193 185
0.26117372512817383 -0.08035018295049667 0.7640000581741333 200 193 185
0.2629982829093933 -0.08013983070850372 0.7620000243186951 199 190 183
0.26480966806411743 -0.07992949336767197 0.7600000500679016 195 186 179
0.2666078805923462 -0.07971914857625961 0.7580000162124634 193 184 175
0.2687479555606842 -0.07961398363113403 0.7570000290870667 191 181 169
0.27088141441345215 -0.07950881123542786 0.7560000419616699 190 177 166
0.2730083465576172 -0.07940364629030228 0.7550000548362732 189 176 165
0.27512863278388977 -0.0792984738945961 0.7540000081062317 184 169 157
0.2779787480831146 -0.07940364629030228 0.7550000548362732 179 164 152
0.24267983436584473 -0.08219639956951141 0.7940000295639038 168 163 159
0.24467557668685913 -0.0819893479347229 0.7920000553131104 179 170 163
0.2466581016778946 -0.08178230375051498 0.7900000214576721 186 177 170
0.24831198155879974 -0.08147174119949341 0.7870000600814819 190 181 174
0.25026488304138184 -0.08126469701528549 0.7850000262260437 193 184 177
0.2509162724018097 -0.08064356446266174 0.7790000438690186 193 184 177
0.2528296709060669 -0.08043652027845383 0.7770000100135803 193 186 178
0.2547299265861511 -0.08022948354482651 0.7750000357627869 195 188 180
0.25628504157066345 -0.07991891354322433 0.7720000147819519 198 191 183
0.2578204274177551 -0.07960835099220276 0.7690000534057617 201 194 186
0.2596745789051056 -0.07940130680799484 0.7670000195503235 201 194 186
0.26185745000839233 -0.07929778844118118 0.7660000324249268 201 194 186
0.2636885941028595 -0.07909073680639267 0.7640000581741333 200 191 184
0.26515811681747437 -0.0787801742553711 0.7610000371932983 197 188 181
0.26731136441230774 -0.07867664843797684 0.7600000500679016 195 186 177
0.26945799589157104 -0.07857313007116318 0.7590000629425049 194 184 172
0.27159804105758667 -0.07846960425376892 0.7580000162124634 192 182 170
0.273731529712677 -0.07836608588695526 0.7570000290870667 189 179 167
0.27585843205451965 -0.078262560069561 0.7560000419616699 189 176 165
0.2787151038646698 -0.07836608588695526 0.7570000290870667 184 171 160
0.24267983436584473 -0.08088750392198563 0.7940000295639038 167 164 159
0.24467557668685913 -0.08068376034498215 0.7920000553131104 179 170 163
0.2466581016778946 -0.08048000931739807 0.7900000214576721 186 177 170
0.24831198155879974 -0.08017439395189285 0.7870000600814819 189 180 173
0.2505837082862854 -0.08007251471281052 0.7860000133514404 193 184 177
0.2512383460998535 -0.07946127653121948 0.7800000309944153 193 184 177
0.25315508246421814 -0.079257532954216 0.7780000567436218 195 188 180
0.255058616399765 -0.07905378192663193 0.7760000228881836 196 189 181
0.2569490075111389 -0.07885003834962845 0.7740000486373901 199 192 184
0.2584909498691559 -0.07854441553354263 0.7710000276565552 201 194 186
0.26035168766975403 -0.07834067195653915 0.7690000534057617 202 195 187
0.26254114508628845 -0.07823879271745682 0.7680000066757202 202 195 187
0.2647239863872528 -0.07813692092895508 0.7670000195503235 201 192 185
0.26585495471954346 -0.07772942632436752 0.7630000114440918 199 190 183
0.26766306161880493 -0.07752568274736404 0.7610000371932983 200 186 178
0.26981300115585327 -0.0774238109588623 0.7600000500679016 204 186 175
0.2719563841819763 -0.07732193917036057 0.7590000629425049 200 183 169
0.2740931212902069 -0.07722005993127823 0.7580000162124634 195 178 164
0.24137306213378906 -0.07957861572504044 0.7940000295639038 34 30 31
0.24367935955524445 -0.07947839051485062 0.7930000424385071 171 168 163
0.24597907066345215 -0.0793781653046608 0.7920000553131104 181 174 166
0.24795830249786377 -0.07917771488428116 0.7900000214576721 188 179 172
0.24929006397724152 -0.07877681404352188 0.7860000133514404 192 183 176
0.2505955100059509 -0.0783759206533432 0.7820000648498535 194 185 178
0.2525220811367035 -0.07817546278238297 0.7800000309944153 196 187 180
0.25443553924560547 -0.07797501981258392 0.7780000567436218 197 188 181
0.25567513704299927 -0.07757411897182465 0.7740000486373901 199 192 184
0.25755563378334045 -0.07737366110086441 0.7720000147819519 202 195 187
0.2597598731517792 -0.07727344334125519 0.7710000276565552 202 195 187
0.26127713918685913 -0.07697276026010513 0.7680000066757202 203 196 188
0.2634616494178772 -0.07687254250049591 0.7670000195503235 201 194 186
0.26529279351234436 -0.07667209208011627 0.76500004529953 196 187 180
0.2671107351779938 -0.07647164165973663 0.7630000114440918 188 167 162
0.2685621678829193 -0.07617096602916718 0.7600000500679016 170 136 128
0.2707071900367737 -0.07607074826955795 0.7590000629425049 172 134 125
0.24167703092098236 -0.07836829870939255 0.7950000166893005 39 38 40
0.24398663640022278 -0.07826972752809525 0.7940000295639038 172 169 164
0.24597907066345215 -0.07807257026433945 0.7920000553131104 179 175 166
0.24795830249786377 -0.07787541300058365 0.7900000214576721 187 180 172
0.24929006397724152 -0.07748111337423325 0.7860000133514404 192 183 176
0.2509159743785858 -0.07718538492918015 0.7830000519752502 194 185 178
0.2528458535671234 -0.07698822766542435 0.781000018119812 196 187 180
0.25476256012916565 -0.07679107040166855 0.7790000438690186 197 188 181
0.2563357949256897 -0.07649534940719604 0.7760000228881836 199 192 184
0.25822287797927856 -0.07629819214344025 0.7740000486373901 202 195 187
0.26043373346328735 -0.07619962096214294 0.7730000615119934 203 196 188
0.26229774951934814 -0.07600246369838715 0.7710000276565552 202 195 187
0.26414865255355835 -0.07580531388521194 0.7690000534057617 199 190 183
0.26633313298225403 -0.07570673525333405 0.7680000066757202 184 168 161
0.26816099882125854 -0.07550958544015884 0.7660000324249268 171 135 127
0.24167703092098236 -0.07705776393413544 0.7950000166893005 42 41 43
0.24398663640022278 -0.07696083188056946 0.7940000295639038 170 170 164
0.24628964066505432 -0.07686390727758408 0.7930000424385071 180 176 167
0.24827216565608978 -0.07667004317045212 0.7910000085830688 187 180 172
0.24960725009441376 -0.07628233730792999 0.7870000600814819 192 185 177
0.2512364387512207 -0.07599155604839325 0.784000039100647 194 187 179
0.25316962599754333 -0.07579769939184189 0.7820000648498535 196 187 180
0.2550896108150482 -0.07560384273529053 0.7800000309944153 200 191 184
0.2566660940647125 -0.07531305402517319 0.7770000100135803 201 192 185
0.2588900923728943 -0.0752161294221878 0.7760000228881836 203 194 187
0.26077061891555786 -0.07502227276563644 0.7740000486373901 203 194 187
0.2626379430294037 -0.07482841610908508 0.7720000147819519 202 193 186
0.2648356258869171 -0.0747314915060997 0.7710000276565552 196 185 176
0.26702672243118286 -0.07463455945253372 0.7700000405311584 164 139 130
0.2688611149787903 -0.07444070279598236 0.7680000066757202 174 133 125
0.24267983436584473 -0.07565194368362427 0.7940000295639038 167 167 161
0.24467557668685913 -0.07546138018369675 0.7920000553131104 176 172 163
0.2466581016778946 -0.07527082413434982 0.7900000214576721 185 178 170
0.24862749874591827 -0.0750802680850029 0.7880000472068787 189 182 174
0.25090253353118896 -0.07498499006032944 0.7870000600814819 192 185 177
0.25188255310058594 -0.07450859248638153 0.7820000648498535 195 188 180
0.25380587577819824 -0.07431802153587341 0.7800000309944153 198 191 183
0.2560446858406067 -0.07422275096178055 0.7790000438690186 199 192 184
0.25794491171836853 -0.07403218746185303 0.7770000100135803 201 194 186
0.2594967484474182 -0.07374635338783264 0.7740000486373901 202 195 187
0.2617059350013733 -0.07365107536315918 0.7730000615119934 201 194 186
0.2639085352420807 -0.07355578988790512 0.7720000147819519 196 182 174
0.2661045491695404 -0.07346051186323166 0.7710000276565552 166 135 126
0.26759710907936096 -0.07317467033863068 0.7680000066757202 175 137 128
0.24137306213378906 -0.07434305548667908 0.7940000295639038 48 48 52
0.24367935955524445 -0.07424941658973694 0.7930000424385071 169 169 163
0.24597907066345215 -0.074155792593956 0.7920000553131104 181 174 166
0.24795830249786377 -0.07396852225065231 0.7900000214576721 187 180 172
0.24960725009441376 -0.07368763536214828 0.7870000600814819 191 184 176
0.2515568733215332 -0.0735003724694252 0.7850000262260437 194 187 179
0.2534933388233185 -0.07331310957670212 0.7830000519752502 196 189 181
0.2550896108150482 -0.07303221523761749 0.7800000309944153 199 192 184
0.2569964528083801 -0.072844959795475 0.7780000567436218 201 194 186
0.2588900923728943 -0.07265768945217133 0.7760000228881836 202 195 187
0.26110753417015076 -0.07256405800580978 0.7750000357627869 201 194 186
0.262978196144104 -0.0723768025636673 0.7730000615119934 193 186 178
0.2651791274547577 -0.07228316366672516 0.7720000147819519 178 162 155
0.2673735022544861 -0.07218953967094421 0.7710000276565552 173 141 135
0.24137306213378906 -0.07303415983915329 0.7940000295639038 50 50 54
0.24367935955524445 -0.07294217497110367 0.7930000424385071 169 169 163
0.24597907066345215 -0.07285019755363464 0.7920000553131104 181 174 166
0.24795830249786377 -0.0726662278175354 0.7900000214576721 188 181 173
0.24960725009441376 -0.07239028066396713 0.7870000600814819 191 184 176
0.2515568733215332 -0.07220631837844849 0.7850000262260437 195 188 180
0.2534933388233185 -0.07202235609292984 0.7830000519752502 198 191 183
0.2550896108150482 -0.07174640148878098 0.7800000309944153 200 193 185
0.2569964528083801 -0.07156243920326233 0.7780000567436218 201 194 186
0.2588900923728943 -0.07137847691774368 0.7760000228881836 202 195 187
0.26110753417015076 -0.07128649204969406 0.7750000357627869 201 194 186
0.262978196144104 -0.07110252976417542 0.7730000615119934 193 184 177
0.2651791274547577 -0.0710105448961258 0.7720000147819519 181 166 156
0.2673735022544861 -0.07091856002807617 0.7710000276565552 169 138 129
0.24106906354427338 -0.0716349333524704 0.7930000424385071 52 52 56
0.24367935955524445 -0.0716349333524704 0.7930000424385071 170 170 164
0.24597907066345215 -0.0715446025133133 0.7920000553131104 182 175 167
0.24795830249786377 -0.07136392593383789 0.7900000214576721 188 181 173
0.24960725009441376 -0.07109293341636658 0.7870000600814819 192 185 177
0.2515568733215332 -0.07091226428747177 0.7850000262260437 194 187 179
0.2534933388233185 -0.07073159515857697 0.7830000519752502 199 192 186
0.2554166316986084 -0.07055091857910156 0.781000018119812 200 193 185
0.25732675194740295 -0.07037026435136795 0.7790000438690186 202 195 187
0.25922372937202454 -0.07018958777189255 0.7770000100135803 202 195 187
0.26144441962242126 -0.07009925693273544 0.7760000228881836 200 193 185
0.262978196144104 -0.06982825696468353 0.7730000615119934 192 183 176
0.2651791274547577 -0.06973791122436523 0.7720000147819519 185 170 160
0.2673735022544861 -0.06964758038520813 0.7710000276565552 164 134 127
0.24106906354427338 -0.07032769173383713 0.7930000424385071 29 29 31
0.24367935955524445 -0.07032769173383713 0.7930000424385071 174 175 171
0.24597907066345215 -0.07023900747299194 0.7920000553131104 179 175 166
0.24795830249786377 -0.07006163895130157 0.7900000214576721 187 180 172
0.2499244064092636 -0.06988426297903061 0.7880000472068787 192 185 177
0.2518773376941681 -0.06970689445734024 0.7860000133514404 194 187 179
0.253817081451416 -0.06952951848506927 0.784000039100647 199 192 186
0.25574368238449097 -0.0693521574139595 0.7820000648498535 200 193 185
0.25765711069107056 -0.06917478144168854 0.7800000309944153 202 195 187
0.2595573663711548 -0.06899741291999817 0.7780000567436218 201 194 186
0.26178136467933655 -0.06890872120857239 0.7770000100135803 200 193 185
0.26331835985183716 -0.06864266842603683 0.7740000486373901 195 186 177
0.2651791274547577 -0.06846529245376587 0.7720000147819519 191 178 167
0.2673735022544861 -0.06837660819292068 0.7710000276565552 152 127 118
0.2695612907409668 -0.0682879239320755 0.7700000405311584 160 119 113
0.2443666160106659 -0.06884636729955673 0.7910000085830688 176 174 164
0.2463458776473999 -0.0686722993850708 0.7890000343322754 183 179 168
0.24862749874591827 -0.06858526915311813 0.7880000472068787 188 181 173
0.25122132897377014 -0.06858526915311813 0.7880000472068787 194 187 181
0.25252676010131836 -0.06823711842298508 0.784000039100647 196 189 183
0.25445663928985596 -0.06806304305791855 0.7820000648498535 199 192 186
0.2567020058631897 -0.06797599792480469 0.781000018119812 201 194 186
0.25894084572792053 -0.06788896769285202 0.7800000309944153 201 194 186
0.26050251722335815 -0.06762785464525223 0.7770000100135803 201 194 186
0.26238304376602173 -0.0674537792801857 0.7750000357627869 199 192 182
0.2645922601222992 -0.06736674159765244 0.7740000486373901 198 188 176
0.2664497196674347 -0.06719266623258591 0.7720000147819519 182 164 155
0.26829400658607483 -0.06701859831809998 0.7700000405311584 149 117 111
0.270125150680542 -0.06684452295303345 0.7680000066757202 154 106 100
0.24535788595676422 -0.06745704263448715 0.7900000214576721 156 153 150
0.24764443933963776 -0.0673716589808464 0.7890000343322754 192 185 177
0.24960725009441376 -0.06720087677240372 0.7870000600814819 191 184 176
0.2518773376941681 -0.06711548566818237 0.7860000133514404 195 188 180
0.253817081451416 -0.06694471091032028 0.784000039100647 198 191 185
0.25574368238449097 -0.06677393615245819 0.7820000648498535 200 193 187
0.25765711069107056 -0.0666031539440155 0.7800000309944153 202 195 187
0.2595573663711548 -0.06643237918615341 0.7780000567436218 202 195 187
0.26178136467933655 -0.06634698808193207 0.7770000100135803 201 194 186
0.26331835985183716 -0.06609082221984863 0.7740000486373901 202 193 184
0.2651791274547577 -0.06592004746198654 0.7720000147819519 196 185 176
0.2673735022544861 -0.0658346563577652 0.7710000276565552 179 165 157
0.2695612907409668 -0.06574927270412445 0.7700000405311584 159 139 131
0.271035760641098 -0.06549309939146042 0.7670000195503235 141 105 97
0.24764443933963776 -0.06607100367546082 0.7890000343322754 144 136 133
0.24960725009441376 -0.06590352207422256 0.7870000600814819 196 189 183
0.2518773376941681 -0.06581978499889374 0.7860000133514404 196 189 181
0.25414082407951355 -0.06573604792356491 0.7850000262260437 198 191 183
0.25607070326805115 -0.06556856632232666 0.7830000519752502 200 193 185
0.25765711069107056 -0.06531734019517899 0.7800000309944153 202 195 189
0.25989100337028503 -0.06523360311985016 0.7790000438690186 203 196 188
0.26178136467933655 -0.06506612151861191 0.7770000100135803 204 195 188
0.26331835985183716 -0.06481490284204483 0.7740000486373901 203 194 185
0.26552262902259827 -0.064731165766716 0.7730000615119934 197 188 179
0.2673735022544861 -0.06456367671489716 0.7710000276565552 190 179 170
0.2695612907409668 -0.06447993963956833 0.7700000405311584 182 168 160
0.2713891267776489 -0.06431245803833008 0.7680000066757202 158 138 128
0.24831198155879974 -0.06460617482662201 0.7870000600814819 64 53 57
0.25090253353118896 -0.06460617482662201 0.7870000600814819 150 141 136
0.2528488337993622 -0.0644419938325882 0.7850000262260437 193 189 182
0.2547820508480072 -0.06427780538797379 0.7830000519752502 203 199 192
0.257030725479126 -0.06419571489095688 0.7820000648498535 199 195 186
0.25894084572792053 -0.06403153389692307 0.7800000309944153 202 195 187
0.26050251722335815 -0.06378524750471115 0.7770000100135803 205 198 190
0.26272159814834595 -0.06370316445827484 0.7760000228881836 205 198 188
0.2645922601222992 -0.06353898346424103 0.7740000486373901 201 194 184
0.2667948603630066 -0.06345689296722412 0.7730000615119934 196 187 178
0.26829400658607483 -0.0632106140255928 0.7700000405311584 192 183 174
0.270125150680542 -0.0630464255809784 0.7680000066757202 189 175 167
0.27265313267707825 -0.0630464255809784 0.7680000066757202 179 160 156
0.2528488337993622 -0.06314793229103088 0.7850000262260437 76 71 69
0.25510740280151367 -0.0630674958229065 0.784000039100647 150 142 141
0.25735941529273987 -0.06298704445362091 0.7830000519752502 194 186 183
0.25894084572792053 -0.06274571269750595 0.7800000309944153 207 203 196
0.2608378231525421 -0.06258483231067657 0.7780000567436218 206 199 191
0.26306015253067017 -0.06250438839197159 0.7770000100135803 207 200 192
0.2645922601222992 -0.06226305663585663 0.7740000486373901 202 195 185
0.2667948603630066 -0.06218261644244194 0.7730000615119934 199 192 182
0.26829400658607483 -0.06194128468632698 0.7700000405311584 196 189 181
0.2704768776893616 -0.06186084449291229 0.7690000534057617 191 184 176
0.27265313267707825 -0.06178039312362671 0.7680000066757202 188 179 172
0.2751811146736145 -0.06178039312362671 0.7680000066757202 185 174 167
0.25735941529273987 -0.06169629469513893 0.7830000519752502 63 54 57
0.25927281379699707 -0.0615387000143528 0.781000018119812 117 107 107
0.2611730694770813 -0.061381109058856964 0.7790000438690186 167 156 151
0.26306015253067017 -0.06122352182865143 0.7770000100135803 195 185 185
0.26493409276008606 -0.06106593459844589 0.7750000357627869 206 201 197
0.2667948603630066 -0.06090834364295006 0.7730000615119934 206 202 195
0.26829400658607483 -0.06067195534706116 0.7700000405311584 205 198 192
0.2704768776893616 -0.06059316173195839 0.7690000534057617 200 193 185
0.27265313267707825 -0.06051436811685562 0.7680000066757202 196 189 181
0.2751811146736145 -0.06051436811685562 0.7680000066757202 191 184 176
0.2602246105670929 -0.06017409265041351 0.7800000309944153 37 28 31
0.26245519518852234 -0.060096949338912964 0.7790000438690186 45 32 36
0.26331835985183716 -0.059711214154958725 0.7740000486373901 70 57 65
0.26552262902259827 -0.059634074568748474 0.7730000615119934 94 83 87
0.2673735022544861 -0.05947977304458618 0.7710000276565552 114 104 102
0.2695612907409668 -0.05940262973308563 0.7700000405311584 132 120 118
0.2713891267776489 -0.05924833565950394 0.7680000066757202 135 124 119
0.27391713857650757 -0.05924833565950394 0.7680000066757202 131 120 113
